Session,Assessor,Product,Fineness of texture,Reflection,Transparency,Thickness Flow,Peaking,Stringy,Cushion,Instant whitening,Covering,Pick up,Bounce,Firmness,Spreadability,Watery,Greasiness,Cooling,Shininess instant ,Smoothness instant ,Stickiness instant ,Residue instant ,Shininess 2 min ,Smoothness 2 min ,Stickiness 2 min ,Residue 2 min ,Shininess 5 min ,Smoothness 5 min ,Stickiness 5 min ,Residue 5 min ,Speed of absorption,Overall_Texture,Color_Tone,Overall_Spreadability,Absorption_Speed,Odour_after_applying,Smoothness,Leaves_no_residue_feel,Stickiness,Moisturizing,Brightening_effect,Tightening,Overall_Liking
1,2,SK-II,11.5,10.5,6.5,5.5,1.5,1.5,9,2.5,3,7,6.5,5,9.5,6.5,8.5,7.5,7.5,7,7.5,7.5,6.5,6,6.5,8.5,5.5,5,5.5,5.5,7.5,4.140495868,4.041322314,4.280991736,4.049586777,4.041322314,4.132231405,4.107438017,3.702479339,4.190082645,4.074380165,3.884297521,4.049586777
1,3,SK-II,8,9,6.5,6,3,2.5,8,1.5,1.5,6,6,3.5,8.5,6.5,8,7,9,6,9,9,8,6.5,8.5,7.5,8,6,8,8,7.5,4.140495868,4.041322314,4.280991736,4.049586777,4.041322314,4.132231405,4.107438017,3.702479339,4.190082645,4.074380165,3.884297521,4.049586777
1,6,SK-II,10,7.5,5,3,1,1.5,8,0.5,0.5,5,3.5,4,7.5,6,8,5,7.5,6,7.5,8,5.5,4,5,6,4.5,5,3.5,2.5,8,4.140495868,4.041322314,4.280991736,4.049586777,4.041322314,4.132231405,4.107438017,3.702479339,4.190082645,4.074380165,3.884297521,4.049586777
1,7,SK-II,12,12,6,6.5,1,4.5,5,0,0,4,2.5,3.5,10,9,6.5,6.5,7,6,6.5,6.5,6.5,7,6,6,5.5,8.5,5,5,7,4.140495868,4.041322314,4.280991736,4.049586777,4.041322314,4.132231405,4.107438017,3.702479339,4.190082645,4.074380165,3.884297521,4.049586777
1,10,SK-II,9,11,2.5,7.5,1,1,5,1,0.5,4.5,5,5,12,6,8,8,9,7.5,8,7.5,8,6,7,6.5,7,5.5,6.5,5.5,7,4.140495868,4.041322314,4.280991736,4.049586777,4.041322314,4.132231405,4.107438017,3.702479339,4.190082645,4.074380165,3.884297521,4.049586777
1,11,SK-II,10,12,4,2,2.5,3,3,2,2,10.5,4.5,2,10,8,4,4,8,6,4.5,8,7,4.5,2,6,6,6,3,5,8.5,4.140495868,4.041322314,4.280991736,4.049586777,4.041322314,4.132231405,4.107438017,3.702479339,4.190082645,4.074380165,3.884297521,4.049586777
1,12,SK-II,12.5,10,6.5,5,1,4.5,8.5,1,1,8.5,7,1.5,12,6.5,7.5,3,7.5,7.5,5.5,7.5,7,8,4.5,7,6.5,9,2.5,6.5,8.5,4.140495868,4.041322314,4.280991736,4.049586777,4.041322314,4.132231405,4.107438017,3.702479339,4.190082645,4.074380165,3.884297521,4.049586777
1,14,SK-II,10.5,12,4.5,5.5,3,3,6.5,0.5,0.5,9,3,3,9,7,5,6,6.5,6.5,6.5,6,6,6.5,6,6,5,6.5,5,5,10,4.140495868,4.041322314,4.280991736,4.049586777,4.041322314,4.132231405,4.107438017,3.702479339,4.190082645,4.074380165,3.884297521,4.049586777
1,15,SK-II,10,12,7.5,5,1,3,10,0,0,4.5,1.5,3,11.5,6,7.5,7.5,9.5,8,6.5,8.5,9,7.5,7,7.5,8,8,6.5,6.5,7.5,4.140495868,4.041322314,4.280991736,4.049586777,4.041322314,4.132231405,4.107438017,3.702479339,4.190082645,4.074380165,3.884297521,4.049586777
1,16,SK-II,10.5,9,9,6,2.5,2.5,5.5,2.5,2,4,2.5,3.5,9,8,6.5,5,6.5,6,6.5,6,5.5,6.5,5.5,5.5,5,8,4,4,9,4.140495868,4.041322314,4.280991736,4.049586777,4.041322314,4.132231405,4.107438017,3.702479339,4.190082645,4.074380165,3.884297521,4.049586777
1,17,SK-II,9.5,9,7,6,3.5,4,6.5,1.5,2,5.5,5.5,5.5,10,7,8,7,8,7.5,7.5,6.5,6,7,6,6,5,7,5,5.5,8,4.140495868,4.041322314,4.280991736,4.049586777,4.041322314,4.132231405,4.107438017,3.702479339,4.190082645,4.074380165,3.884297521,4.049586777
1,22,SK-II,12,9,6.5,4,1,3,5.5,0,0,6,3,3,9.5,7,8,6.5,8,8,5.5,6.5,7,8.5,4.5,5,6.5,9,3.5,4.5,8.5,4.140495868,4.041322314,4.280991736,4.049586777,4.041322314,4.132231405,4.107438017,3.702479339,4.190082645,4.074380165,3.884297521,4.049586777
2,2,SK-II,11.5,11,8.5,5,1.5,1.5,8,2,2,5,5,5,8.5,7,8,7.5,7,7,7,7,6,6,6,6,5,5.5,5,5,8,4.140495868,4.041322314,4.280991736,4.049586777,4.041322314,4.132231405,4.107438017,3.702479339,4.190082645,4.074380165,3.884297521,4.049586777
2,3,SK-II,8.5,8.5,6,6.5,3.5,3,7,1,1,5,6,3.5,9.5,6,9.5,6.5,9.5,6,9.5,9.5,9,6,8.5,8.5,8.5,5.5,8.5,8,6,4.140495868,4.041322314,4.280991736,4.049586777,4.041322314,4.132231405,4.107438017,3.702479339,4.190082645,4.074380165,3.884297521,4.049586777
2,6,SK-II,8.5,7.5,5,4.5,0.5,0.5,6,1,0.5,5,4,3,10,7,8.5,7.5,7.5,6,7.5,7.5,6,6,6.5,6.5,4.5,5.5,4,4,7,4.140495868,4.041322314,4.280991736,4.049586777,4.041322314,4.132231405,4.107438017,3.702479339,4.190082645,4.074380165,3.884297521,4.049586777
2,7,SK-II,10.5,9.5,5.5,7,1.5,2,5,0,0,4.5,2.5,4,10,9,6.5,7,7,5.5,7.5,7.5,6.5,6,7,7,5.5,7,6.5,6.5,8,4.140495868,4.041322314,4.280991736,4.049586777,4.041322314,4.132231405,4.107438017,3.702479339,4.190082645,4.074380165,3.884297521,4.049586777
2,10,SK-II,9,11,2.5,7,1,2,5,1,0.5,4,4,4,10,6,8,8,9,7.5,7.5,7.5,8,6,6,6,7,5,5,5,7.5,4.140495868,4.041322314,4.280991736,4.049586777,4.041322314,4.132231405,4.107438017,3.702479339,4.190082645,4.074380165,3.884297521,4.049586777
2,11,SK-II,10.5,12.5,4.5,2,2.5,2.5,3,2,2,5,4.5,2,12,3,10,6,7.5,3.5,5,7.5,6,4,3,6,6.5,3.5,3.5,3.5,9,4.140495868,4.041322314,4.280991736,4.049586777,4.041322314,4.132231405,4.107438017,3.702479339,4.190082645,4.074380165,3.884297521,4.049586777
2,12,SK-II,13,10,4,5,1,3,8.5,1,1,8.5,6.5,1.5,10,6,7,3.5,7,7.5,3.5,7.5,6.5,8,3.5,7,6,8.5,3,6,8.5,4.140495868,4.041322314,4.280991736,4.049586777,4.041322314,4.132231405,4.107438017,3.702479339,4.190082645,4.074380165,3.884297521,4.049586777
2,14,SK-II,9,10.5,4,6,5,5,8,1.5,1.5,8,3,4,8,7,6,5,6.5,6.5,5.5,5.5,5,6.5,5,5,5,7,5,4.5,9,4.140495868,4.041322314,4.280991736,4.049586777,4.041322314,4.132231405,4.107438017,3.702479339,4.190082645,4.074380165,3.884297521,4.049586777
2,15,SK-II,10,11,8,5,1.5,3.5,9,0,0,5.5,2,3,11,7,6.5,7.5,8.5,7.5,7,7.5,8,8,6.5,6,8,6.5,7.5,5.5,8,4.140495868,4.041322314,4.280991736,4.049586777,4.041322314,4.132231405,4.107438017,3.702479339,4.190082645,4.074380165,3.884297521,4.049586777
2,16,SK-II,10.5,10,7.5,6.5,2,2,5,2,2,3.5,2.5,3,8,8,6,4.5,6.5,8.5,6.5,6.5,6,9,5.5,5.5,4.5,7.5,3,3,10,4.140495868,4.041322314,4.280991736,4.049586777,4.041322314,4.132231405,4.107438017,3.702479339,4.190082645,4.074380165,3.884297521,4.049586777
2,17,SK-II,9.5,9,7,6,3,4,7,1,1,5.5,5.5,5.5,9.5,7,8,6.5,8.5,7,7.5,6.5,6,6,5.5,5.5,5.5,7.5,5,5.5,7,4.140495868,4.041322314,4.280991736,4.049586777,4.041322314,4.132231405,4.107438017,3.702479339,4.190082645,4.074380165,3.884297521,4.049586777
2,22,SK-II,12,9,6.5,8,1,3,5,0,0,5,3,3,9.5,7.5,9,7,8,8,4.5,7,7,8,5,6.5,6.5,8.5,3.5,5,8.5,4.140495868,4.041322314,4.280991736,4.049586777,4.041322314,4.132231405,4.107438017,3.702479339,4.190082645,4.074380165,3.884297521,4.049586777
1,2,Olay_brightening,11,10,9,4.5,1,1,8,1.5,1.5,4,4,3.5,10.5,9,6,8.5,7.5,6.5,6.5,7,6.5,7,5.5,6,5.5,6,5.5,5,8,4.090909091,4.165289256,4.388429752,4.140495868,3.338842975,4.066115702,4.082644628,3.752066116,4.140495868,3.743801653,3.743801653,4.049586777
1,3,Olay_brightening,7.5,8,8,6,3,2.5,6,1,1,5.5,6,3.5,9.5,6,9.5,7.5,8.5,6,8.5,8.5,7,6,8.5,7,7,6.5,8,7,7.5,4.090909091,4.165289256,4.388429752,4.140495868,3.338842975,4.066115702,4.082644628,3.752066116,4.140495868,3.743801653,3.743801653,4.049586777
1,6,Olay_brightening,8.5,7,5,2.5,1,1,7.5,0.5,0.5,5,1,1,10.5,9,6,6,7,7.5,7,7,5,8,4,4,4,7.5,2,2.5,9.5,4.090909091,4.165289256,4.388429752,4.140495868,3.338842975,4.066115702,4.082644628,3.752066116,4.140495868,3.743801653,3.743801653,4.049586777
1,7,Olay_brightening,12,13,8,6,1,2,5.5,0,0,4,2,3.5,10,8.5,6,7,6.5,6.5,6.5,6.5,6,7.5,6,6,5.5,8,4.5,4.5,10,4.090909091,4.165289256,4.388429752,4.140495868,3.338842975,4.066115702,4.082644628,3.752066116,4.140495868,3.743801653,3.743801653,4.049586777
1,10,Olay_brightening,8,11,10,6,1,1.5,4,1,0.5,2.5,2,2,12,6,8,7.5,9,7.5,7.5,7.5,8,6,8,6,7,5.5,7.5,5,7.5,4.090909091,4.165289256,4.388429752,4.140495868,3.338842975,4.066115702,4.082644628,3.752066116,4.140495868,3.743801653,3.743801653,4.049586777
1,11,Olay_brightening,10,11.5,9.5,2,1.5,3,2,2,2,4,4.5,2.5,11,10.5,3,4.5,6,4.5,3,7.5,6,4.5,3,5,5.5,4,3,4,10.5,4.090909091,4.165289256,4.388429752,4.140495868,3.338842975,4.066115702,4.082644628,3.752066116,4.140495868,3.743801653,3.743801653,4.049586777
1,12,Olay_brightening,13,9,11,4,1,2.5,8,1,1,7.5,7,1,11,6.5,7.5,4,7.5,7,5.5,7,7,7.5,4,6.5,6.5,9,3,6,9,4.090909091,4.165289256,4.388429752,4.140495868,3.338842975,4.066115702,4.082644628,3.752066116,4.140495868,3.743801653,3.743801653,4.049586777
1,14,Olay_brightening,11,12,9,4,3,3,6,0,0,6.5,3,3,9,7.5,6,6,6.5,6.5,6,6,5.5,7,5,5,5,7.5,4,4,10,4.090909091,4.165289256,4.388429752,4.140495868,3.338842975,4.066115702,4.082644628,3.752066116,4.140495868,3.743801653,3.743801653,4.049586777
1,15,Olay_brightening,9.5,10.5,9,4,0.5,0.5,6,0,0,3.5,1.5,2,11.5,7,7.5,7.5,8.5,8,7,7,8,7.5,6.5,6.5,8,7,6.5,4.5,9,4.090909091,4.165289256,4.388429752,4.140495868,3.338842975,4.066115702,4.082644628,3.752066116,4.140495868,3.743801653,3.743801653,4.049586777
1,16,Olay_brightening,12,9,13,5,2,2,3.5,1.5,1.5,2,2,2.5,9,8.5,7,5.5,6.5,7,6.5,6,6,8,5.5,4.5,5,8,3.5,3.5,10.5,4.090909091,4.165289256,4.388429752,4.140495868,3.338842975,4.066115702,4.082644628,3.752066116,4.140495868,3.743801653,3.743801653,4.049586777
1,17,Olay_brightening,10.5,9,10,5,2,2,6,0,4.5,5,5,5,10.5,8.5,6.5,6.5,7.5,5.5,8.5,5.5,5.5,6,7,5,5,6.5,5.5,4.5,8.5,4.090909091,4.165289256,4.388429752,4.140495868,3.338842975,4.066115702,4.082644628,3.752066116,4.140495868,3.743801653,3.743801653,4.049586777
1,22,Olay_brightening,12,8,12,3.5,1,3,4.5,0,0,4.5,3,3,12.5,8,9,7.5,8,7.5,6,7,7,8,5.5,6.5,6.5,8.5,4.5,6,8,4.090909091,4.165289256,4.388429752,4.140495868,3.338842975,4.066115702,4.082644628,3.752066116,4.140495868,3.743801653,3.743801653,4.049586777
2,2,Olay_brightening,12.5,10.5,10,4.5,1,1,8,1,1,3,5.5,4.5,9,8.5,6.5,6.5,7,7,7,7,6,6,6,6,5,5,5,5,8,4.090909091,4.165289256,4.388429752,4.140495868,3.338842975,4.066115702,4.082644628,3.752066116,4.140495868,3.743801653,3.743801653,4.049586777
2,3,Olay_brightening,8,8,8,6,3,2.5,6.5,1,1,4.5,4.5,3,9.5,6.5,9,6.5,9.5,6.5,9.5,9.5,6.5,6,8,6.5,6,7,7.5,6.5,8.5,4.090909091,4.165289256,4.388429752,4.140495868,3.338842975,4.066115702,4.082644628,3.752066116,4.140495868,3.743801653,3.743801653,4.049586777
2,6,Olay_brightening,8,7.5,12.5,2,1,1.5,6,0.5,0.5,4.5,3,2,10,9,6,8,7,6,5,5,5,5,4,4.5,4,7.5,3,3,9,4.090909091,4.165289256,4.388429752,4.140495868,3.338842975,4.066115702,4.082644628,3.752066116,4.140495868,3.743801653,3.743801653,4.049586777
2,7,Olay_brightening,10,12,8.5,6,1,3,5,0,0,4,2,3.5,11,10.5,6,7,6.5,6.5,6.5,6.5,6,8,5,5,5,9,4.5,4.5,10,4.090909091,4.165289256,4.388429752,4.140495868,3.338842975,4.066115702,4.082644628,3.752066116,4.140495868,3.743801653,3.743801653,4.049586777
2,10,Olay_brightening,9,11,7.5,5,1,1.5,4,1,0.5,2,2,2,12,6,8,8,9,7.5,7.5,7.5,8,6,6.5,6,7,5.5,6,5,7.5,4.090909091,4.165289256,4.388429752,4.140495868,3.338842975,4.066115702,4.082644628,3.752066116,4.140495868,3.743801653,3.743801653,4.049586777
2,11,Olay_brightening,10,10,6.5,2.5,2.5,3,3,2,2,6,5,2,10.5,3.5,7.5,4.5,7.5,4.5,3,7,7,5,3,6,6,5,3,5,7,4.090909091,4.165289256,4.388429752,4.140495868,3.338842975,4.066115702,4.082644628,3.752066116,4.140495868,3.743801653,3.743801653,4.049586777
2,12,Olay_brightening,12.5,9,9,4,1,2.5,7,1,1,7,6,1,10.5,6,7.5,4.5,7.5,6.5,6.5,7.5,7,7.5,6,7,6.5,7.5,3.5,6,8.5,4.090909091,4.165289256,4.388429752,4.140495868,3.338842975,4.066115702,4.082644628,3.752066116,4.140495868,3.743801653,3.743801653,4.049586777
2,14,Olay_brightening,10,11.5,8,5,4,3.5,6,0,0,7,2.5,2.5,9,7,6,5,7.5,6.5,6,6.5,6.5,6.5,6,7,6.5,7,6,6.5,8,4.090909091,4.165289256,4.388429752,4.140495868,3.338842975,4.066115702,4.082644628,3.752066116,4.140495868,3.743801653,3.743801653,4.049586777
2,15,Olay_brightening,10,11.5,9.5,4.5,1,1.5,7,0,0,4,1.5,2,9.5,6,7.5,6.5,9,8,6.5,5.5,8.5,8,7,5,8,8,6.5,4,10,4.090909091,4.165289256,4.388429752,4.140495868,3.338842975,4.066115702,4.082644628,3.752066116,4.140495868,3.743801653,3.743801653,4.049586777
2,16,Olay_brightening,11.5,10,12,5,2,2,2.5,1.5,1.5,2.5,2,2.5,9.5,8.5,6.5,7,7,7,6.5,6.5,6,8,4.5,4.5,5.5,8.5,3.5,3.5,10,4.090909091,4.165289256,4.388429752,4.140495868,3.338842975,4.066115702,4.082644628,3.752066116,4.140495868,3.743801653,3.743801653,4.049586777
2,17,Olay_brightening,10,9,10,5,1.5,2,6,0,0,5,6,5.5,9.5,7,8,7,8,6.5,8.5,7,5.5,6.5,6,5.5,5,7.5,4,4,8,4.090909091,4.165289256,4.388429752,4.140495868,3.338842975,4.066115702,4.082644628,3.752066116,4.140495868,3.743801653,3.743801653,4.049586777
2,22,Olay_brightening,12,8,12,3.5,1,3,4.5,0,0,4.5,3,3,12.5,8,9.5,7.5,8.5,8,6,7,7.5,8,5.5,6.5,6.5,8.5,4,6,8,4.090909091,4.165289256,4.388429752,4.140495868,3.338842975,4.066115702,4.082644628,3.752066116,4.140495868,3.743801653,3.743801653,4.049586777
1,2,Estee_advanced,12,11.5,11,4,1.5,1.5,8,1,1,4,4,3.5,11.5,10,5.5,8.5,8.5,8.5,7.5,8,7.5,7,6.5,7,6.5,6,5.5,6,7.5,4.123966942,3.801652893,4.380165289,3.991735537,3.20661157,4.066115702,3.991735537,3.628099174,4.132231405,3.884297521,3.809917355,3.933884298
1,3,Estee_advanced,11,10,8.5,5.5,3,2.5,6,1,1,5,4.5,3.5,10,6.5,9,7.5,10,7,8.5,9,9.5,6,8.5,9,9.5,6,9,9,4.5,4.123966942,3.801652893,4.380165289,3.991735537,3.20661157,4.066115702,3.991735537,3.628099174,4.132231405,3.884297521,3.809917355,3.933884298
1,6,Estee_advanced,10,8,9,3.5,0.5,0.5,7,0.5,0.5,4,4,2.5,10,9,6,6,8,7.5,7.5,7.5,5,5.5,4,4,4,5,5,5,10.5,4.123966942,3.801652893,4.380165289,3.991735537,3.20661157,4.066115702,3.991735537,3.628099174,4.132231405,3.884297521,3.809917355,3.933884298
1,7,Estee_advanced,14,14,8,5.5,1,5.5,5,0,0,3.5,2,3.5,11,11,8,7,9,5,9.5,9.5,8.5,5.5,8.5,8.5,8,6,8,8,5.5,4.123966942,3.801652893,4.380165289,3.991735537,3.20661157,4.066115702,3.991735537,3.628099174,4.132231405,3.884297521,3.809917355,3.933884298
1,10,Estee_advanced,12,12,14.5,4,1,6,2,1,0.5,2,2,2,12,5,9,8,12,8,7.5,7.5,11,6,6,6,10,5,5.5,5.5,7,4.123966942,3.801652893,4.380165289,3.991735537,3.20661157,4.066115702,3.991735537,3.628099174,4.132231405,3.884297521,3.809917355,3.933884298
1,11,Estee_advanced,10,12,7.5,2,1.5,7.5,3.5,2,2,5.5,4,2.5,10,4.5,6,3,7.5,6,6,7.5,7,3.5,3.5,6.5,6,3,2.5,5,9,4.123966942,3.801652893,4.380165289,3.991735537,3.20661157,4.066115702,3.991735537,3.628099174,4.132231405,3.884297521,3.809917355,3.933884298
1,12,Estee_advanced,13,9,11.5,2.5,1,6,8.5,1,1,8.5,5.5,1,12,6.5,9,5,9,6,4,7.5,8,6.5,3.5,7,7,7.5,3.5,6.5,7.5,4.123966942,3.801652893,4.380165289,3.991735537,3.20661157,4.066115702,3.991735537,3.628099174,4.132231405,3.884297521,3.809917355,3.933884298
1,14,Estee_advanced,12,12,9.5,3,3,3,6,0,0,7.5,2,2,9,7.5,6,7,9,9,7,7.5,7.5,6.5,6.5,7,7.5,6,6.5,7.5,8,4.123966942,3.801652893,4.380165289,3.991735537,3.20661157,4.066115702,3.991735537,3.628099174,4.132231405,3.884297521,3.809917355,3.933884298
1,15,Estee_advanced,12,12.5,7.5,3,1,6,6.5,0,0,3,1,1.5,12.5,5,8.5,5,10.5,7.5,6.5,12,10,7,6,11.5,9.5,7.5,6,10.5,3,4.123966942,3.801652893,4.380165289,3.991735537,3.20661157,4.066115702,3.991735537,3.628099174,4.132231405,3.884297521,3.809917355,3.933884298
1,16,Estee_advanced,10.5,8.5,13.5,4,1.5,1.5,2.5,1.5,1.5,2.5,2,2.5,9.5,8.5,7,8,9.5,7,7.5,8,8.5,7.5,6.5,7,8,6.5,6,6,7.5,4.123966942,3.801652893,4.380165289,3.991735537,3.20661157,4.066115702,3.991735537,3.628099174,4.132231405,3.884297521,3.809917355,3.933884298
1,17,Estee_advanced,13,11,10,5,2.5,6,6.5,0.5,0.5,5,6,5,11,6.5,8.5,7.5,9.5,7.5,7.5,8.5,8,7.5,6,6.5,6.5,8,4,5.5,7,4.123966942,3.801652893,4.380165289,3.991735537,3.20661157,4.066115702,3.991735537,3.628099174,4.132231405,3.884297521,3.809917355,3.933884298
1,22,Estee_advanced,12.5,9.5,11.5,3,1.5,5,4,3.5,0,6,2.5,2.5,11,8,9.5,7.5,10.5,8,5,8,9,6.5,5,7.5,8,8,6,7,5,4.123966942,3.801652893,4.380165289,3.991735537,3.20661157,4.066115702,3.991735537,3.628099174,4.132231405,3.884297521,3.809917355,3.933884298
2,2,Estee_advanced,12.5,11,11,3.5,1,1,7.5,1,1,3.5,3.5,3,10.5,9.5,5.5,8.5,8.5,7,7.5,7.5,7,6,6.5,6.5,6,5.5,5.5,5.5,7.5,4.123966942,3.801652893,4.380165289,3.991735537,3.20661157,4.066115702,3.991735537,3.628099174,4.132231405,3.884297521,3.809917355,3.933884298
2,3,Estee_advanced,10,9.5,8.5,5,3,3,6,1.5,1.5,4,4.5,3,9.5,6,9,6.5,9.5,6.5,8.5,9,9,5.5,8.5,8,9,5.5,8.5,8.5,6,4.123966942,3.801652893,4.380165289,3.991735537,3.20661157,4.066115702,3.991735537,3.628099174,4.132231405,3.884297521,3.809917355,3.933884298
2,6,Estee_advanced,10,8.5,12.5,2,1,1,6,0.5,0.5,5,1,1,11,10,6,6,8,7.5,6,7.5,5.5,5.5,5.5,6,4,5,3.5,4,9,4.123966942,3.801652893,4.380165289,3.991735537,3.20661157,4.066115702,3.991735537,3.628099174,4.132231405,3.884297521,3.809917355,3.933884298
2,7,Estee_advanced,14,14,8,6,1,5,5,0,0,4,2,3.5,11,10,8.5,7,9.5,4.5,9.5,9.5,9,5,9,9,9,5,8.5,8.5,4.5,4.123966942,3.801652893,4.380165289,3.991735537,3.20661157,4.066115702,3.991735537,3.628099174,4.132231405,3.884297521,3.809917355,3.933884298
2,10,Estee_advanced,12,12,12,2,1,6,3,1,0.5,1,1,1,12,5,9,8,10,7.5,7.5,7.5,9,6,6,6,8,5,5.5,5,7.5,4.123966942,3.801652893,4.380165289,3.991735537,3.20661157,4.066115702,3.991735537,3.628099174,4.132231405,3.884297521,3.809917355,3.933884298
2,11,Estee_advanced,12,12,10.5,2.5,2,6,2.5,2,2,6,4.5,2,12,3,10.5,6,8,4.5,3,6.5,6.5,4.5,3,6,6.5,8.5,3,7,8.5,4.123966942,3.801652893,4.380165289,3.991735537,3.20661157,4.066115702,3.991735537,3.628099174,4.132231405,3.884297521,3.809917355,3.933884298
2,12,Estee_advanced,12,9,10,3.5,1,6.5,8,0.5,1,7,6.5,1,12.5,6,8.5,5,8.5,6.5,5.5,7.5,8,6,6.5,7,7.5,6.5,4,6.5,7,4.123966942,3.801652893,4.380165289,3.991735537,3.20661157,4.066115702,3.991735537,3.628099174,4.132231405,3.884297521,3.809917355,3.933884298
2,14,Estee_advanced,12,12,9,4,3,4,6,0,0,7.5,2,2,9,7,5,7,8.5,8,6.5,7,7.5,7,5,6.5,5,6,4.5,6,9,4.123966942,3.801652893,4.380165289,3.991735537,3.20661157,4.066115702,3.991735537,3.628099174,4.132231405,3.884297521,3.809917355,3.933884298
2,15,Estee_advanced,12,12,10.5,4,1,2.5,6,0,0,3,1,1.5,12.5,5,9,4.5,10.5,9,6,12,10,8,5.5,11,9.5,7,5,10.5,3,4.123966942,3.801652893,4.380165289,3.991735537,3.20661157,4.066115702,3.991735537,3.628099174,4.132231405,3.884297521,3.809917355,3.933884298
2,16,Estee_advanced,12,8.5,14,4,1.5,3,3.5,1.5,1.5,2.5,2,2.5,11,9.5,8,6,9.5,8.5,7.5,7.5,8,8,6.5,6.5,7.5,6.5,5.5,5,6.5,4.123966942,3.801652893,4.380165289,3.991735537,3.20661157,4.066115702,3.991735537,3.628099174,4.132231405,3.884297521,3.809917355,3.933884298
2,17,Estee_advanced,12.5,12,10,5,1.5,6,6,0,0,5,5,5,11,6,9,7.5,9,8,9.5,9,8,7.5,7.5,7.5,6.5,7.5,5.5,6.5,6,4.123966942,3.801652893,4.380165289,3.991735537,3.20661157,4.066115702,3.991735537,3.628099174,4.132231405,3.884297521,3.809917355,3.933884298
2,22,Estee_advanced,12.5,9.5,11.5,3,1,5,4,0,0,5,2.5,2.5,11.5,8,9,7.5,10.5,8.5,5,8,9,6.5,5,7.5,8,8,5.5,6.5,6,4.123966942,3.801652893,4.380165289,3.991735537,3.20661157,4.066115702,3.991735537,3.628099174,4.132231405,3.884297521,3.809917355,3.933884298
1,2,Estee_Perfectionist,11,10.5,8,6,2,2.5,9,2,2,6.5,6,5,9,6.5,8.5,7.5,9,8.5,7,7.5,7.5,7.5,6,6.5,6.5,6.5,5,5.5,7.5,4.266129032,3.983870968,4.39516129,4.137096774,3.782258065,4.112903226,4.084677419,3.806451613,4.201612903,3.975806452,3.826612903,4.076612903
1,3,Estee_Perfectionist,8,8.5,7.5,6,3,5,8,1.5,1.5,5,6.5,4,8.5,6.5,8.5,7,9.5,6.5,9,9,8.5,6.5,8.5,8.5,8,6,8,8,6,4.266129032,3.983870968,4.39516129,4.137096774,3.782258065,4.112903226,4.084677419,3.806451613,4.201612903,3.975806452,3.826612903,4.076612903
1,6,Estee_Perfectionist,9,7.5,7.5,5,1,2.5,7.5,1,0.5,4,3,3,9,7,8.5,7.5,7.5,7.5,6,7,6,7.5,4,4.5,3.5,6.5,2.5,3.5,9,4.266129032,3.983870968,4.39516129,4.137096774,3.782258065,4.112903226,4.084677419,3.806451613,4.201612903,3.975806452,3.826612903,4.076612903
1,7,Estee_Perfectionist,10,11,6,6.5,1,5.5,5,0,0,4,3,4.5,10,9,7.5,6.5,9,5.5,9,9,8.5,5.5,8.5,8.5,8,6,8,8,6.5,4.266129032,3.983870968,4.39516129,4.137096774,3.782258065,4.112903226,4.084677419,3.806451613,4.201612903,3.975806452,3.826612903,4.076612903
1,10,Estee_Perfectionist,8,11,7.5,6,1,6,5,1,0.5,4,4,4,10.5,5,9,8,11,7.5,8,7.5,10,6,7,6,9,5.5,6,5.5,7,4.266129032,3.983870968,4.39516129,4.137096774,3.782258065,4.112903226,4.084677419,3.806451613,4.201612903,3.975806452,3.826612903,4.076612903
1,11,Estee_Perfectionist,9.5,11.5,7.5,2.5,2.5,6,3,2,2,9,4.5,2,9,4.5,7.5,4.5,8,9,3,7,7,5,3,7,6,4,3,4.5,9.5,4.266129032,3.983870968,4.39516129,4.137096774,3.782258065,4.112903226,4.084677419,3.806451613,4.201612903,3.975806452,3.826612903,4.076612903
1,12,Estee_Perfectionist,12,10,9,5.5,0.5,7,8.5,1,1,7.5,7,1,10.5,6,7.5,3.5,7.5,7.5,3,7.5,7,8,2.5,7,6.5,8.5,2,6,8.5,4.266129032,3.983870968,4.39516129,4.137096774,3.782258065,4.112903226,4.084677419,3.806451613,4.201612903,3.975806452,3.826612903,4.076612903
1,14,Estee_Perfectionist,9,10.5,5.5,6.5,4.5,5,7,1,1.5,9,4,4,7.5,6,6.5,4,8,6.5,6.5,7.5,7.5,6.5,5.5,6,6.5,5.5,5.5,6.5,7.5,4.266129032,3.983870968,4.39516129,4.137096774,3.782258065,4.112903226,4.084677419,3.806451613,4.201612903,3.975806452,3.826612903,4.076612903
1,15,Estee_Perfectionist,9,11.5,8.5,5.5,0.5,7.5,8.5,0,0,3,1.5,3,12.5,5,7.5,8,10.5,8.5,6,11.5,10,9,5.5,11,9.5,7.5,6.5,10.5,3,4.266129032,3.983870968,4.39516129,4.137096774,3.782258065,4.112903226,4.084677419,3.806451613,4.201612903,3.975806452,3.826612903,4.076612903
1,16,Estee_Perfectionist,11,9.5,9.5,5.5,2.5,2.5,4,2,2,4,2.5,3,9.5,9,7.5,6.5,9.5,8,7,7,8.5,7.5,6,6,6.5,7.5,4.5,4.5,8,4.266129032,3.983870968,4.39516129,4.137096774,3.782258065,4.112903226,4.084677419,3.806451613,4.201612903,3.975806452,3.826612903,4.076612903
1,17,Estee_Perfectionist,11,12,10,6,3,6.5,7,0.5,0.5,6,7,6,10.5,6,9,6.5,9,7.5,7.5,8,8,8,6,6.5,6.5,8,5.5,5.5,6.5,4.266129032,3.983870968,4.39516129,4.137096774,3.782258065,4.112903226,4.084677419,3.806451613,4.201612903,3.975806452,3.826612903,4.076612903
1,22,Estee_Perfectionist,12,9,8.5,4.5,1,4,4.5,0,0,6,3.5,3.5,12,7.5,9,7.5,9.5,8.5,4,7.5,7,8,4.5,7,6.5,8,4.5,6.5,5.5,4.266129032,3.983870968,4.39516129,4.137096774,3.782258065,4.112903226,4.084677419,3.806451613,4.201612903,3.975806452,3.826612903,4.076612903
2,2,Estee_Perfectionist,11,10.5,8,6,1.5,1.5,7.5,1.5,1.5,1.5,4,4.5,9,6.5,8.5,7,8.5,8.5,7,7.5,7,7.5,6,6.5,6,6.5,5,5.5,7.5,4.266129032,3.983870968,4.39516129,4.137096774,3.782258065,4.112903226,4.084677419,3.806451613,4.201612903,3.975806452,3.826612903,4.076612903
2,3,Estee_Perfectionist,8,9,6.5,6.5,3.5,3.5,8,1.5,1.5,4,4,3,10,6.5,9,6.5,10,6.5,9.5,10,9,6.5,8.5,8.5,8.5,6,8.5,8.5,6,4.266129032,3.983870968,4.39516129,4.137096774,3.782258065,4.112903226,4.084677419,3.806451613,4.201612903,3.975806452,3.826612903,4.076612903
2,6,Estee_Perfectionist,9.5,7.5,7.5,4,0.5,2.5,7.5,0.5,0.5,5,3,3,10,8,6,6,7.5,7.5,6,6,5,6,2,3.5,4,3.5,3,3,10.5,4.266129032,3.983870968,4.39516129,4.137096774,3.782258065,4.112903226,4.084677419,3.806451613,4.201612903,3.975806452,3.826612903,4.076612903
2,7,Estee_Perfectionist,10,10,6,7,1.5,5.5,5,0,0,4,3,4,9.5,9,7.5,6.5,8.5,5,8,8,7.5,5.5,7.5,7.5,7,6,7,7,6.5,4.266129032,3.983870968,4.39516129,4.137096774,3.782258065,4.112903226,4.084677419,3.806451613,4.201612903,3.975806452,3.826612903,4.076612903
2,10,Estee_Perfectionist,8,11,7.5,6,1,3.5,4,1,0.5,4,4,4,11,6,8,7.5,9,7.5,7.5,7.5,8,6,6,6,7,5,5,5,7.5,4.266129032,3.983870968,4.39516129,4.137096774,3.782258065,4.112903226,4.084677419,3.806451613,4.201612903,3.975806452,3.826612903,4.076612903
2,11,Estee_Perfectionist,9,12,4.5,2.5,2,8,3,2,2,6,5,2,9.5,3,9,3,7.5,6,3,7,7,6,3,6,6.5,4,3,5.5,10,4.266129032,3.983870968,4.39516129,4.137096774,3.782258065,4.112903226,4.084677419,3.806451613,4.201612903,3.975806452,3.826612903,4.076612903
2,12,Estee_Perfectionist,12,10,6,6,0.5,7,8,1,1,8.5,6.5,1,11.5,6,8,4,8,7,4,7.5,7.5,7.5,3.5,7,6.5,8,3,6.5,7.5,4.266129032,3.983870968,4.39516129,4.137096774,3.782258065,4.112903226,4.084677419,3.806451613,4.201612903,3.975806452,3.826612903,4.076612903
2,14,Estee_Perfectionist,9,10.5,5.5,6.5,4.5,5,7,1,1.5,9,4,4,7.5,6,6.5,4,8,6.5,6.5,7.5,7.5,6.5,5.5,6,6.5,5.5,5.5,6.5,7.5,4.266129032,3.983870968,4.39516129,4.137096774,3.782258065,4.112903226,4.084677419,3.806451613,4.201612903,3.975806452,3.826612903,4.076612903
2,15,Estee_Perfectionist,9.5,12,9,5.5,1,6,8.5,0,0,4,2.5,2.5,12,4.5,7.5,4.5,9.5,8,6,10,9,8.5,5.5,10,9,7.5,5,9.5,6,4.266129032,3.983870968,4.39516129,4.137096774,3.782258065,4.112903226,4.084677419,3.806451613,4.201612903,3.975806452,3.826612903,4.076612903
2,16,Estee_Perfectionist,11.5,10,9,7,2.5,4.5,5.5,2,2,3.5,2.5,4,9,9,7,4.5,7,8.5,6.5,7,6.5,7.5,5,5.5,5,8,4.5,4,8.5,4.266129032,3.983870968,4.39516129,4.137096774,3.782258065,4.112903226,4.084677419,3.806451613,4.201612903,3.975806452,3.826612903,4.076612903
2,17,Estee_Perfectionist,9.5,11.5,7.5,6,3,6.5,7.5,0.5,0.5,6,6,6,9.5,6,9,7,9,8,9,8.5,8,7.5,7,7.5,7,7.5,6,6.5,6,4.266129032,3.983870968,4.39516129,4.137096774,3.782258065,4.112903226,4.084677419,3.806451613,4.201612903,3.975806452,3.826612903,4.076612903
2,22,Estee_Perfectionist,12,9,8.5,4.5,1,3.5,4,0,0,5.5,3.5,3.5,12,7.5,9,7,9.5,8.5,4.5,7.5,7,8,4.5,7,6.5,8.5,4,6.5,6,4.266129032,3.983870968,4.39516129,4.137096774,3.782258065,4.112903226,4.084677419,3.806451613,4.201612903,3.975806452,3.826612903,4.076612903
1,3,Rapid_V_2,8,9,7,5.5,1,1,3.5,1,1,3,3.5,2,10,8.5,7,8,8,7,8.5,8.5,8,7,8,7,7.5,7,8,7,8.5,4.338461538,4.015384615,4.4,4.238461538,3.838461538,4.338461538,4.215384615,3.938461538,4.238461538,3.915384615,3.653846154,4.138461538
1,6,Rapid_V_2,12,8,9,4,1,5,7.5,1,1,3,3,2,12,9,7.5,7,6,6,6,7.5,6,7.5,5,6,5,7.5,3,4,11,4.338461538,4.015384615,4.4,4.238461538,3.838461538,4.338461538,4.215384615,3.938461538,4.238461538,3.915384615,3.653846154,4.138461538
1,6,Rapid_V_2,12,8,9,4,1,5,7.5,1,1,3,3,2,12,9,7.5,7,6,6,6,7.5,6,7.5,5,6,5,7.5,3,4,11,4.338461538,4.015384615,4.4,4.238461538,3.838461538,4.338461538,4.215384615,3.938461538,4.238461538,3.915384615,3.653846154,4.138461538
1,7,Rapid_V_2,13,13,6.5,8.5,0.5,5.5,5,0,0,4,2.5,3,10,7.5,6.5,6,7.5,7,6,6,6.5,7.5,5.5,5.5,5.5,8.5,4.5,4.5,9,4.338461538,4.015384615,4.4,4.238461538,3.838461538,4.338461538,4.215384615,3.938461538,4.238461538,3.915384615,3.653846154,4.138461538
1,10,Rapid_V_2,9,10,5,7,2,5,6,1,0.5,4.5,4,4,11.5,8,7,8.5,9,8,7.5,7.5,8,9,6.5,6,7,9.5,5,5,7.5,4.338461538,4.015384615,4.4,4.238461538,3.838461538,4.338461538,4.215384615,3.938461538,4.238461538,3.915384615,3.653846154,4.138461538
1,11,Rapid_V_2,10.5,11,4.5,4,3,7,3,2,2,5.5,4,2.5,11,7,7.5,4,6,5,3.5,4.5,6,6,2,4.5,5.5,6,2.5,4.5,9,4.338461538,4.015384615,4.4,4.238461538,3.838461538,4.338461538,4.215384615,3.938461538,4.238461538,3.915384615,3.653846154,4.138461538
1,12,Rapid_V_2,12,10,8,5,0.5,6,8.5,0.5,0.5,7.5,7.5,1,12.5,6.5,8,4,8,7.5,6.5,7,7,8,6,6.5,6,8.5,3.5,6,9.5,4.338461538,4.015384615,4.4,4.238461538,3.838461538,4.338461538,4.215384615,3.938461538,4.238461538,3.915384615,3.653846154,4.138461538
1,13,Rapid_V_2,12,11.5,6,5.5,3,6,5,0,0,5,4,4,11.5,10,4,7,7.5,8.5,6,6,4.5,9,4,4,4,9,3.5,3,11.5,4.338461538,4.015384615,4.4,4.238461538,3.838461538,4.338461538,4.215384615,3.938461538,4.238461538,3.915384615,3.653846154,4.138461538
1,14,Rapid_V_2,12.5,12.5,7,6,5,3.5,6.5,0,0,8.5,3,2.5,10.5,10,5,7,7,6.5,6,6,6.5,6.5,5,5,5.5,7.5,4,4,12,4.338461538,4.015384615,4.4,4.238461538,3.838461538,4.338461538,4.215384615,3.938461538,4.238461538,3.915384615,3.653846154,4.138461538
1,14,Rapid_V_2,12,12,6.5,7,4,3.5,6.5,0,0,8,3,3,10,10,6,7.5,7,6,6,6.5,6,6.5,5.5,5.5,6,7,4,4.5,11.5,4.338461538,4.015384615,4.4,4.238461538,3.838461538,4.338461538,4.215384615,3.938461538,4.238461538,3.915384615,3.653846154,4.138461538
1,16,Rapid_V_2,10,9.5,9,3.5,2,5.5,3.5,2,1.5,3.5,2.5,2.5,9.5,9.5,5.5,5,7,6.5,6.5,6.5,6,7,5.5,5.5,4.5,8,3.5,3,10,4.338461538,4.015384615,4.4,4.238461538,3.838461538,4.338461538,4.215384615,3.938461538,4.238461538,3.915384615,3.653846154,4.138461538
1,22,Rapid_V_2,12,10,9.5,5,2.5,2.5,5,1,0.5,4.5,3,3,12,10,3.5,7.5,9,10.5,5,5.5,5,10,3.5,3,3.5,12.5,2.5,1.5,11,4.338461538,4.015384615,4.4,4.238461538,3.838461538,4.338461538,4.215384615,3.938461538,4.238461538,3.915384615,3.653846154,4.138461538
2,3,Rapid_V_2,8,9,7,4.5,1.5,1.5,3,1,1,3,3,2,10,8,7,8,9.5,7,8.5,8.5,7.5,6.5,8,7,7,7,7.5,6.5,8,4.338461538,4.015384615,4.4,4.238461538,3.838461538,4.338461538,4.215384615,3.938461538,4.238461538,3.915384615,3.653846154,4.138461538
2,6,Rapid_V_2,12,7.5,9,5,1,4.5,7.5,1,1,4,2,1,11,9,7.5,6,7.5,7.5,6,6,5.5,6,3,5,5,8.5,1.5,4,11,4.338461538,4.015384615,4.4,4.238461538,3.838461538,4.338461538,4.215384615,3.938461538,4.238461538,3.915384615,3.653846154,4.138461538
2,7,Rapid_V_2,13,13,6.5,8.5,1,6,4.5,0.5,0.5,4,2,3,10.5,8,6.5,6,7.5,7.5,6,6,6.5,8,5.5,5.5,4,8.5,3,3,11,4.338461538,4.015384615,4.4,4.238461538,3.838461538,4.338461538,4.215384615,3.938461538,4.238461538,3.915384615,3.653846154,4.138461538
2,7,Rapid_V_2,13,13,6.5,8.5,0.5,6,4.5,0.5,0.5,4,2.5,3,10.5,8,6.5,6,7.5,7,6.5,6.5,6.5,8,5.5,5.5,5,9,4.5,4.5,9.5,4.338461538,4.015384615,4.4,4.238461538,3.838461538,4.338461538,4.215384615,3.938461538,4.238461538,3.915384615,3.653846154,4.138461538
2,10,Rapid_V_2,9,10,5,7,2,6,6,1,0.5,4.5,4,4,11.5,8,7,8.5,9,8,7.5,7.5,8,9,6.5,6,7,9.5,5,5,8,4.338461538,4.015384615,4.4,4.238461538,3.838461538,4.338461538,4.215384615,3.938461538,4.238461538,3.915384615,3.653846154,4.138461538
2,11,Rapid_V_2,10,10,5.5,4,1.5,7.5,3,1.5,1.5,3,3,2.5,9,8,6,5.5,6.5,5,5,6,5,4.5,2,4,4.5,6,1.5,3,12,4.338461538,4.015384615,4.4,4.238461538,3.838461538,4.338461538,4.215384615,3.938461538,4.238461538,3.915384615,3.653846154,4.138461538
2,12,Rapid_V_2,12,10,8,5,0.5,5.5,7.5,0.5,0.5,7.5,7.5,1,12,6.5,8,4.5,8,7.5,7,7,7.5,8,6,6.5,6.5,8,3.5,6,9,4.338461538,4.015384615,4.4,4.238461538,3.838461538,4.338461538,4.215384615,3.938461538,4.238461538,3.915384615,3.653846154,4.138461538
2,13,Rapid_V_2,11.5,10.5,6,6,3,6,5,0,0,5.5,4,4,12,10,4,7,7.5,9,5.5,5.5,4.5,9,4,4,4,9,3,3,11.5,4.338461538,4.015384615,4.4,4.238461538,3.838461538,4.338461538,4.215384615,3.938461538,4.238461538,3.915384615,3.653846154,4.138461538
2,13,Rapid_V_2,11.5,11,6,6,3,5,5,0,0,5.5,4,4,11.5,10,4.5,7,7.5,8.5,6,6,5,8.5,4.5,4.5,4,8.5,3,3,11,4.338461538,4.015384615,4.4,4.238461538,3.838461538,4.338461538,4.215384615,3.938461538,4.238461538,3.915384615,3.653846154,4.138461538
2,14,Rapid_V_2,12,12,7,6.5,3.5,3,6.5,0,0,7,3,3,11,10,5.5,7,6.5,6,6,6,6,6.5,5,5.5,5,7.5,4,4,11.5,4.338461538,4.015384615,4.4,4.238461538,3.838461538,4.338461538,4.215384615,3.938461538,4.238461538,3.915384615,3.653846154,4.138461538
2,16,Rapid_V_2,10,9.5,9.5,3.5,2,5,4.5,1.5,1,3.5,1.5,2.5,9.5,9.5,5.5,6,6.5,7,6,6,6,7.5,4.5,4.5,4.5,8.5,3.5,3,10,4.338461538,4.015384615,4.4,4.238461538,3.838461538,4.338461538,4.215384615,3.938461538,4.238461538,3.915384615,3.653846154,4.138461538
2,22,Rapid_V_2,12,9,9.5,5,2.5,4.5,4,0,0,4,3,3,12,9.5,4.5,8,9.5,10,4,5,4,11,3.5,3.5,3.5,12,2.5,2,12,4.338461538,4.015384615,4.4,4.238461538,3.838461538,4.338461538,4.215384615,3.938461538,4.238461538,3.915384615,3.653846154,4.138461538
1,3,Rapid_V_1,8,9,7,6,1.5,1.5,3.5,1,1,2,3,2,10,8,7.5,6,9,6.5,8.5,9,9,6,8.5,8.5,8.5,6,8.5,8.5,6,4.480620155,4.356589147,4.565891473,4.248062016,3.860465116,4.100775194,4.178294574,4.100775194,3.968992248,3.914728682,3.875968992,4.162790698
1,3,Rapid_V_1,8,8.5,7,5,1.5,1.5,3.5,1,1,3.5,3.5,2.5,9.5,7,8,7,8.5,6.5,8,8.5,9,6,8.5,8.5,8,6.5,8.5,8.5,6,4.480620155,4.356589147,4.565891473,4.248062016,3.860465116,4.100775194,4.178294574,4.100775194,3.968992248,3.914728682,3.875968992,4.162790698
1,6,Rapid_V_1,12,7.5,10.5,4,1,2,7.5,0.5,0.5,2.5,1.5,1.5,11.5,7.5,8.5,6,8,6,8,8,7,7.5,7.5,7.5,6,6,6,6,6,4.480620155,4.356589147,4.565891473,4.248062016,3.860465116,4.100775194,4.178294574,4.100775194,3.968992248,3.914728682,3.875968992,4.162790698
1,7,Rapid_V_1,13,13,7,7.5,0.5,6,4.5,0.5,0.5,3.5,2,2.5,10.5,8,7.5,5,8,5.5,9.5,9.5,7,6,8.5,8.5,6.5,6.5,7,7,6.5,4.480620155,4.356589147,4.565891473,4.248062016,3.860465116,4.100775194,4.178294574,4.100775194,3.968992248,3.914728682,3.875968992,4.162790698
1,10,Rapid_V_1,10,11,10,6,1.5,3.5,5,1,0.5,5,3,3,12,10,4,7.5,9,8,7.5,8,8,6,9,6,7,5,8,5,6.5,4.480620155,4.356589147,4.565891473,4.248062016,3.860465116,4.100775194,4.178294574,4.100775194,3.968992248,3.914728682,3.875968992,4.162790698
1,11,Rapid_V_1,10,11,9,4.5,2,5,3,2,2,4.5,3.5,2.5,8.5,6,6,4.5,7,4,5,7.5,6,4,5.5,7,5,4.5,5,6,9,4.480620155,4.356589147,4.565891473,4.248062016,3.860465116,4.100775194,4.178294574,4.100775194,3.968992248,3.914728682,3.875968992,4.162790698
1,12,Rapid_V_1,12,10,10,4.5,0.5,4.5,8,0.5,0.5,7.5,7.5,1,12,6.5,8.5,4.5,8.5,7.5,8,7.5,8,7,6.5,7,7,8.5,5,6.5,8.5,4.480620155,4.356589147,4.565891473,4.248062016,3.860465116,4.100775194,4.178294574,4.100775194,3.968992248,3.914728682,3.875968992,4.162790698
1,13,Rapid_V_1,11.5,11.5,9,5,3,6,5,0,0,5,4,4,11,9.5,5,7,8.5,8.5,7,6.5,6,6.5,5,5,5,6.5,4.5,4.5,10,4.480620155,4.356589147,4.565891473,4.248062016,3.860465116,4.100775194,4.178294574,4.100775194,3.968992248,3.914728682,3.875968992,4.162790698
1,14,Rapid_V_1,10.5,10.5,8.5,5.5,4,3.5,7,0.5,0.5,7,3,3,10,9,5,6.5,6,6.5,6.5,6.5,6,6.5,5.5,5.5,6,6,5,5,9.5,4.480620155,4.356589147,4.565891473,4.248062016,3.860465116,4.100775194,4.178294574,4.100775194,3.968992248,3.914728682,3.875968992,4.162790698
1,16,Rapid_V_1,10,10,9.5,3.5,2,2,3,1.5,2,3,2,2.5,9.5,8.5,7.5,5.5,8.5,8,9,8,7.5,7.5,8,6.5,6.5,6.5,6.5,5.5,8,4.480620155,4.356589147,4.565891473,4.248062016,3.860465116,4.100775194,4.178294574,4.100775194,3.968992248,3.914728682,3.875968992,4.162790698
1,16,Rapid_V_1,9.5,10,9.5,3,2,2.5,3.5,2,2.5,3,2.5,3,9,8.5,7,6,8,7,8.5,7.5,7,8,7,6.5,5.5,8,6,4.5,8.5,4.480620155,4.356589147,4.565891473,4.248062016,3.860465116,4.100775194,4.178294574,4.100775194,3.968992248,3.914728682,3.875968992,4.162790698
1,22,Rapid_V_1,12,9.5,10.5,4,2,4,4,0,0,4.5,2,2,12.5,12.5,3,9,8,11,5,5.5,6,11,3,3.5,3.5,5,2.5,1.5,12,4.480620155,4.356589147,4.565891473,4.248062016,3.860465116,4.100775194,4.178294574,4.100775194,3.968992248,3.914728682,3.875968992,4.162790698
2,3,Rapid_V_1,7,9,7,5.5,1.5,1.5,3.5,1,1,3,3.5,2,10.5,8.5,7,8,9.5,6.5,8,8.5,9,6.5,9,8.5,9,6.5,9,9,5.5,4.480620155,4.356589147,4.565891473,4.248062016,3.860465116,4.100775194,4.178294574,4.100775194,3.968992248,3.914728682,3.875968992,4.162790698
2,6,Rapid_V_1,12,7.5,9,2.5,1.5,0.5,7.5,1,1,2.5,2.5,2,12,8,8.5,6,8,6,8.5,8,7,7,7.5,7.5,6,6,6,6,6,4.480620155,4.356589147,4.565891473,4.248062016,3.860465116,4.100775194,4.178294574,4.100775194,3.968992248,3.914728682,3.875968992,4.162790698
2,7,Rapid_V_1,13,13,7,7.5,0.5,5.5,4.5,0.5,0.5,3.5,2,2.5,10.5,8.5,7.5,5.5,8,5.5,9.5,9.5,7.5,6,8.5,8.5,6.5,7,7,7,6,4.480620155,4.356589147,4.565891473,4.248062016,3.860465116,4.100775194,4.178294574,4.100775194,3.968992248,3.914728682,3.875968992,4.162790698
2,10,Rapid_V_1,9.5,10.5,10,6,1.5,3.5,5,1,0.5,4,3,3,12,6,8,8.5,10,7.5,9,8,9,6,8,6.5,8,5,7,5,6.5,4.480620155,4.356589147,4.565891473,4.248062016,3.860465116,4.100775194,4.178294574,4.100775194,3.968992248,3.914728682,3.875968992,4.162790698
2,10,Rapid_V_1,9.5,10.5,10,6,1.5,3.5,5,1,0.5,4,3,3,12,6,8,8.5,10,7.5,9,7.5,9,6,8,6.5,8,5,7,5,7,4.480620155,4.356589147,4.565891473,4.248062016,3.860465116,4.100775194,4.178294574,4.100775194,3.968992248,3.914728682,3.875968992,4.162790698
2,11,Rapid_V_1,8,9,8,5,2.5,7,3,2,2,4,4.5,2.5,11.5,7.5,7.5,5,7,5,4.5,5,6,4.5,4.5,6,5,3,3,5,8.5,4.480620155,4.356589147,4.565891473,4.248062016,3.860465116,4.100775194,4.178294574,4.100775194,3.968992248,3.914728682,3.875968992,4.162790698
2,11,Rapid_V_1,9.5,10,8,4.5,2.5,7,3,2,2,4,4.5,2.5,11.5,7.5,7.5,5,7,5,4.5,5,6,4.5,4.5,6,5,3,3,5,8.5,4.480620155,4.356589147,4.565891473,4.248062016,3.860465116,4.100775194,4.178294574,4.100775194,3.968992248,3.914728682,3.875968992,4.162790698
2,12,Rapid_V_1,11.5,10,10,4.5,1,4,7.5,0.5,1,7,7,1,12,6.5,8.5,4.5,8.5,7,8,7.5,8,7.5,7.5,7,7,8,6,6.5,8.5,4.480620155,4.356589147,4.565891473,4.248062016,3.860465116,4.100775194,4.178294574,4.100775194,3.968992248,3.914728682,3.875968992,4.162790698
2,13,Rapid_V_1,11.5,11.5,9,5.5,3,4,5,0,0,5.5,4,4,11.5,9.5,4.5,7,8.5,8.5,7,6.5,6,6.5,5,5,4,6.5,4.5,4,10,4.480620155,4.356589147,4.565891473,4.248062016,3.860465116,4.100775194,4.178294574,4.100775194,3.968992248,3.914728682,3.875968992,4.162790698
2,14,Rapid_V_1,10.5,10.5,8.5,5.5,3,3,6.5,0.5,0.5,7,2.5,3,9.5,9,5,7,6.5,6.5,5.5,6.5,6,6.5,5,6,5.5,6,4,5,10,4.480620155,4.356589147,4.565891473,4.248062016,3.860465116,4.100775194,4.178294574,4.100775194,3.968992248,3.914728682,3.875968992,4.162790698
2,16,Rapid_V_1,9.5,9,9.5,3.5,2,2.5,3,1.5,1.5,3,2,2.5,9.5,9,7,6,8,6.5,8,7,7,7.5,7,5.5,5.5,8,5,4.5,8.5,4.480620155,4.356589147,4.565891473,4.248062016,3.860465116,4.100775194,4.178294574,4.100775194,3.968992248,3.914728682,3.875968992,4.162790698
2,22,Rapid_V_1,12,9,10.5,4,2,4,4,0,0,4,2,2.5,12,11.5,4,8,9,10,4,5.5,6,11,4,3.5,3.5,5,2.5,1.5,12,4.480620155,4.356589147,4.565891473,4.248062016,3.860465116,4.100775194,4.178294574,4.100775194,3.968992248,3.914728682,3.875968992,4.162790698
1,2,Estee_Perfectionist,10,10.5,8,4,3.5,3.5,9,3,3,5.5,6,5.5,9.5,6,9,7,8,7,7,7,7,6,6,6,5.5,7,6,5.5,8,4.266129032,3.983870968,4.39516129,4.137096774,3.782258065,4.112903226,4.084677419,3.806451613,4.201612903,3.975806452,3.826612903,4.076612903
1,3,Estee_Perfectionist,9,9.5,9,5.5,1.5,1,6,1,1,3,4,2.5,10,7,8.5,4.5,9,6,8,9,8,8,6,7,7,9,6.5,6.5,8,4.266129032,3.983870968,4.39516129,4.137096774,3.782258065,4.112903226,4.084677419,3.806451613,4.201612903,3.975806452,3.826612903,4.076612903
1,6,Estee_Perfectionist,9,8,11,5,0.5,3,7.5,1.5,0.5,4,1.5,1,9,6,8.5,3.5,8,7.5,6,8,7.5,7.5,3.5,4,4,6,2,3.5,9,4.266129032,3.983870968,4.39516129,4.137096774,3.782258065,4.112903226,4.084677419,3.806451613,4.201612903,3.975806452,3.826612903,4.076612903
1,7,Estee_Perfectionist,13,13,6,8,1,6,5.5,0,0,4,3,3,11,8,6.5,4.5,7.5,5.5,7,7,7,6,6.5,6.5,6.5,7,6,6,6.5,4.266129032,3.983870968,4.39516129,4.137096774,3.782258065,4.112903226,4.084677419,3.806451613,4.201612903,3.975806452,3.826612903,4.076612903
1,10,Estee_Perfectionist,10,11,7.5,5,1.5,2.5,5,1,0.5,5,2,2,12,6,8,7,10,7.5,7.5,7.5,9,6,6,6,8,5,5,5,6.5,4.266129032,3.983870968,4.39516129,4.137096774,3.782258065,4.112903226,4.084677419,3.806451613,4.201612903,3.975806452,3.826612903,4.076612903
1,11,Estee_Perfectionist,7.5,12.5,9.5,4,3,6,4.5,2,2,2,4.5,3,8.5,9.5,3,4,6.5,9,3,7.5,6,6,2.5,6,6,7.5,2.5,6,9,4.266129032,3.983870968,4.39516129,4.137096774,3.782258065,4.112903226,4.084677419,3.806451613,4.201612903,3.975806452,3.826612903,4.076612903
1,12,Estee_Perfectionist,12.5,10.5,10,5,1,6.5,8,1.5,1,8,6.5,1,11,6.5,8.5,6,8.5,7,5,7.5,7.5,8,3.5,7,6.5,8.5,3,6.5,8,4.266129032,3.983870968,4.39516129,4.137096774,3.782258065,4.112903226,4.084677419,3.806451613,4.201612903,3.975806452,3.826612903,4.076612903
1,13,Estee_Perfectionist,10,9.5,7.5,5,2.5,5.5,5.5,0,0.5,5.5,4,5,10,9,6,6.5,9,7.5,7.5,8,6.5,7,7,7,6,6.5,6,6,7.5,4.266129032,3.983870968,4.39516129,4.137096774,3.782258065,4.112903226,4.084677419,3.806451613,4.201612903,3.975806452,3.826612903,4.076612903
1,14,Estee_Perfectionist,10.5,11.5,6.5,6,4,4,6.5,0.5,1,5,3,3,9,8,6,6,9,8.5,6,7,8,6.5,6,7,6.5,6,5.5,6.5,7,4.266129032,3.983870968,4.39516129,4.137096774,3.782258065,4.112903226,4.084677419,3.806451613,4.201612903,3.975806452,3.826612903,4.076612903
1,15,Estee_Perfectionist,11.5,12,6.5,5,0.5,5,6.5,0.5,0.5,5.5,1,2,11.5,6,8,4,8.5,8,6.5,8,8.5,8,6,7.5,7.5,8.5,5.5,6.5,6,4.266129032,3.983870968,4.39516129,4.137096774,3.782258065,4.112903226,4.084677419,3.806451613,4.201612903,3.975806452,3.826612903,4.076612903
1,16,Estee_Perfectionist,8.5,8.5,8.5,3.5,1,2,2.5,1,1,3,2,2.5,8.5,8,7,3,8.5,6.5,7,7,7,7,5.5,5.5,5.5,5.5,4,4.5,8.5,4.266129032,3.983870968,4.39516129,4.137096774,3.782258065,4.112903226,4.084677419,3.806451613,4.201612903,3.975806452,3.826612903,4.076612903
1,17,Estee_Perfectionist,12,12.5,7,6,1.5,6.5,5,1.5,1.5,5,5,4,11.5,6,9,6,9.5,8.5,7.5,7,8.5,7.5,6,5.5,8,8,4.5,5.5,6.5,4.266129032,3.983870968,4.39516129,4.137096774,3.782258065,4.112903226,4.084677419,3.806451613,4.201612903,3.975806452,3.826612903,4.076612903
2,2,Estee_Perfectionist,11,11,8,5,2,3.5,8.5,2.5,2.5,6.5,7,6,9,5.5,9.5,6,8.5,8,7,7.5,6.5,6.5,6,6,5,5.5,5.5,5.5,7.5,4.266129032,3.983870968,4.39516129,4.137096774,3.782258065,4.112903226,4.084677419,3.806451613,4.201612903,3.975806452,3.826612903,4.076612903
2,3,Estee_Perfectionist,8,9.5,8,5,2,4,8,1.5,1.5,2.5,3,3,10,6,8,6,10,7,9.5,10,9,6.5,9,9,8.5,6.5,8,8.5,4,4.266129032,3.983870968,4.39516129,4.137096774,3.782258065,4.112903226,4.084677419,3.806451613,4.201612903,3.975806452,3.826612903,4.076612903
2,5,Estee_Perfectionist,11,12,5.5,8,0.5,6,5,0,0,3.5,3,3,9,6.5,7.5,3,8.5,5,8,8,8,5.5,7.5,7.5,7,6.5,7,7,5.5,4.266129032,3.983870968,4.39516129,4.137096774,3.782258065,4.112903226,4.084677419,3.806451613,4.201612903,3.975806452,3.826612903,4.076612903
2,6,Estee_Perfectionist,8.5,8,6,5,1,5,7.5,1,1,3,2,2.5,11,6,9,3,8,8,6,7.5,6,6.5,5.5,6,5,7.5,3,4,7.5,4.266129032,3.983870968,4.39516129,4.137096774,3.782258065,4.112903226,4.084677419,3.806451613,4.201612903,3.975806452,3.826612903,4.076612903
2,7,Estee_Perfectionist,11.5,12,5.5,8,1,6.5,6,0,0,3.5,3,3,8.5,7,7,7,8.5,5.5,7.5,7.5,8.5,6,7,7,7.5,6.5,7,7,6,4.266129032,3.983870968,4.39516129,4.137096774,3.782258065,4.112903226,4.084677419,3.806451613,4.201612903,3.975806452,3.826612903,4.076612903
2,10,Estee_Perfectionist,9,10,7.5,9,1,5,7,1,0.5,6,6,6,11,5,9,7.5,10,7.5,7.5,7.5,9,6,6,6,8,5,5.5,5,6.5,4.266129032,3.983870968,4.39516129,4.137096774,3.782258065,4.112903226,4.084677419,3.806451613,4.201612903,3.975806452,3.826612903,4.076612903
2,11,Estee_Perfectionist,11.5,13,6.5,6,1,4.5,7.5,0.5,0.5,4,3,3,12,7.5,7,4,9,7.5,6,9,8.5,7.5,6.5,8.5,8,7,6.5,8,5,4.266129032,3.983870968,4.39516129,4.137096774,3.782258065,4.112903226,4.084677419,3.806451613,4.201612903,3.975806452,3.826612903,4.076612903
2,12,Estee_Perfectionist,12.5,10.5,11.5,4.5,1.5,7,8,1,1,7.5,6.5,1.5,12,6.5,9,4,9,7,3.5,7.5,8.5,8,3,7,7.5,8.5,3,7,6.5,4.266129032,3.983870968,4.39516129,4.137096774,3.782258065,4.112903226,4.084677419,3.806451613,4.201612903,3.975806452,3.826612903,4.076612903
2,13,Estee_Perfectionist,11,11.5,8,4.5,2.5,4,6.5,0,0.5,5,4.5,5,10.5,9,6,6,9.5,8,8.5,8,6.5,6.5,7,6,5.5,6,5,5,8.5,4.266129032,3.983870968,4.39516129,4.137096774,3.782258065,4.112903226,4.084677419,3.806451613,4.201612903,3.975806452,3.826612903,4.076612903
2,15,Estee_Perfectionist,11.5,13,7,6,1,5.5,8.5,0.5,0.5,5.5,2.5,3,11,5,8.5,3,10,7,6,10,9.5,8,5.5,9.5,9,8,5,8.5,4,4.266129032,3.983870968,4.39516129,4.137096774,3.782258065,4.112903226,4.084677419,3.806451613,4.201612903,3.975806452,3.826612903,4.076612903
2,16,Estee_Perfectionist,9,8.5,9,4.5,1,3,3.5,1,1,4,2.5,3.5,8.5,7,9,3,8.5,8,7,7,7,7.5,5.5,5.5,6,6.5,4,3.5,8.5,4.266129032,3.983870968,4.39516129,4.137096774,3.782258065,4.112903226,4.084677419,3.806451613,4.201612903,3.975806452,3.826612903,4.076612903
2,17,Estee_Perfectionist,13,11.5,7,6,1.5,5.5,6,1,1,5.5,5.5,5.5,11,8,8.5,7.5,9.5,8.5,6.5,6,7.5,8.5,5.5,5,5.5,8,4.5,4,7.5,4.266129032,3.983870968,4.39516129,4.137096774,3.782258065,4.112903226,4.084677419,3.806451613,4.201612903,3.975806452,3.826612903,4.076612903
1,2,Olay_wrinkle,12,11.5,6,5.5,3.5,3,6,3.5,3.5,5.5,5.5,5,8.5,7,8,6,6.5,8.5,6,6.5,6,7,5.5,5.5,5,7,5,5,8.5,4.007936508,3.896825397,4.253968254,4.015873016,3.777777778,4.158730159,4.063492063,3.873015873,4.23015873,3.76984127,3.468253968,3.920634921
1,3,Olay_wrinkle,8.5,9,8,6,1.5,1.5,4.5,1.5,1.5,3,3.5,3,9,6,8.5,4.5,9,8.5,6,9,8,8.5,6.5,8.5,8.5,9,5.5,8,6,4.007936508,3.896825397,4.253968254,4.015873016,3.777777778,4.158730159,4.063492063,3.873015873,4.23015873,3.76984127,3.468253968,3.920634921
1,5,Olay_wrinkle,12.5,11.5,10,6.5,3.5,3.5,3.5,2,2,6,3,3,12.5,11.5,6,7,8.5,10.5,3.5,6,7.5,11,2.5,4,7,10.5,2.5,3.5,7.5,4.007936508,3.896825397,4.253968254,4.015873016,3.777777778,4.158730159,4.063492063,3.873015873,4.23015873,3.76984127,3.468253968,3.920634921
1,6,Olay_wrinkle,10,7.5,12,3.5,1.5,1,6,1,1,5,6,5,10.5,10.5,5,3,9,8,3,6,6,7.5,1.5,4.5,5,7.5,1,3,10.5,4.007936508,3.896825397,4.253968254,4.015873016,3.777777778,4.158730159,4.063492063,3.873015873,4.23015873,3.76984127,3.468253968,3.920634921
1,7,Olay_wrinkle,13,13,6,8.5,0.5,2,3,0,0,4,3,3,11,9.5,6.5,6,7.5,6.5,5.5,5.5,7,8,4.5,5,6.5,9,4,4.5,7.5,4.007936508,3.896825397,4.253968254,4.015873016,3.777777778,4.158730159,4.063492063,3.873015873,4.23015873,3.76984127,3.468253968,3.920634921
1,10,Olay_wrinkle,12,12,7.5,7.5,1,1,5,1,0.5,4.5,5,3,11,6,8,7,8,7.5,7.5,7.5,7,6,6,6,6,5.5,5,5,7,4.007936508,3.896825397,4.253968254,4.015873016,3.777777778,4.158730159,4.063492063,3.873015873,4.23015873,3.76984127,3.468253968,3.920634921
1,11,Olay_wrinkle,12,13,7.5,5,3,2.5,3.5,1.5,2,6,6,3,9,9.5,4.5,7.5,5,5.5,5,4.5,5,6,2,3,4,4.5,2,3,12,4.007936508,3.896825397,4.253968254,4.015873016,3.777777778,4.158730159,4.063492063,3.873015873,4.23015873,3.76984127,3.468253968,3.920634921
1,12,Olay_wrinkle,12,9.5,8.5,6,1,1,8,1,1,9,2.5,1.5,12,6,8.5,6.5,7.5,9.5,3,7.5,7,9,3,7,6,8.5,3,6.5,7.5,4.007936508,3.896825397,4.253968254,4.015873016,3.777777778,4.158730159,4.063492063,3.873015873,4.23015873,3.76984127,3.468253968,3.920634921
1,13,Olay_wrinkle,11.5,10.5,5,6,2.5,3,5,0.5,0.5,5,5,4.5,10.5,10,5,6,8.5,8,7,7,6.5,7,6,6.5,5.5,6.5,5,4.5,9.5,4.007936508,3.896825397,4.253968254,4.015873016,3.777777778,4.158730159,4.063492063,3.873015873,4.23015873,3.76984127,3.468253968,3.920634921
1,14,Olay_wrinkle,12,12,7,6,3,3,5.5,0.5,0.5,7,3,2,10,8.5,5,5,8,8.5,3,6,6.5,8,3,5,5,6.5,3,4,10,4.007936508,3.896825397,4.253968254,4.015873016,3.777777778,4.158730159,4.063492063,3.873015873,4.23015873,3.76984127,3.468253968,3.920634921
1,15,Olay_wrinkle,11,11,7,5.5,1,0.5,7,0,0,7,1,2,12,7,8.5,3,8.5,10,5.5,7,8,10,5.5,7,7.5,9.5,5,6,9,4.007936508,3.896825397,4.253968254,4.015873016,3.777777778,4.158730159,4.063492063,3.873015873,4.23015873,3.76984127,3.468253968,3.920634921
1,16,Olay_wrinkle,10.5,9,8.5,4.5,0.5,0.5,1.5,0.5,0.5,2.5,1,2,9,9,6,3,6,8,6.5,6.5,5.5,7.5,5,5.5,4.5,6,3.5,3.5,8.5,4.007936508,3.896825397,4.253968254,4.015873016,3.777777778,4.158730159,4.063492063,3.873015873,4.23015873,3.76984127,3.468253968,3.920634921
1,2,Olay_wrinkle,12,11.5,8.5,4.5,2.5,2.5,7,2.5,2.5,4.5,4.5,5,11.5,6.5,8.5,8.5,8,8,6.5,7.5,6,8.5,5.5,6.5,5,7.5,4,5,8,4.007936508,3.896825397,4.253968254,4.015873016,3.777777778,4.158730159,4.063492063,3.873015873,4.23015873,3.76984127,3.468253968,3.920634921
1,3,Olay_wrinkle,12.5,11.5,10,6.5,3,3,4.5,2,1.5,3,3.5,3,10.5,9,7.5,6.5,8.5,8.5,3,6,8,8.5,6.5,5.5,5,6.5,3,4,7.5,4.007936508,3.896825397,4.253968254,4.015873016,3.777777778,4.158730159,4.063492063,3.873015873,4.23015873,3.76984127,3.468253968,3.920634921
1,5,Olay_wrinkle,12.5,11.5,9.5,7.5,3.5,3.5,3.5,3,2.5,6,3.5,2.5,11.5,9,9.5,7,9,10,3.5,6,8,10.5,3,5.5,7,11,2.5,3.5,9,4.007936508,3.896825397,4.253968254,4.015873016,3.777777778,4.158730159,4.063492063,3.873015873,4.23015873,3.76984127,3.468253968,3.920634921
1,7,Olay_wrinkle,13,13,5.5,8,0.5,2,4,0,0,4,3,3,10,8,6.5,6,7.5,6.5,5.5,5.5,7,7.5,5.5,5.5,6.5,8.5,5,5,6.5,4.007936508,3.896825397,4.253968254,4.015873016,3.777777778,4.158730159,4.063492063,3.873015873,4.23015873,3.76984127,3.468253968,3.920634921
1,10,Olay_wrinkle,12,12,8,8,1.5,1.5,4.5,1,0.5,5.5,6,6,11,6,8,6.5,9,7.5,7.5,7.5,8,6,6,6,7,10,5,5,6.5,4.007936508,3.896825397,4.253968254,4.015873016,3.777777778,4.158730159,4.063492063,3.873015873,4.23015873,3.76984127,3.468253968,3.920634921
1,11,Olay_wrinkle,12.5,12.5,10.5,7,3,3,4.5,2,2,4,4,3,8.5,9,4.5,4,7,8,2.5,7,6.5,6.5,3,4.5,5,7,2,4.5,9,4.007936508,3.896825397,4.253968254,4.015873016,3.777777778,4.158730159,4.063492063,3.873015873,4.23015873,3.76984127,3.468253968,3.920634921
1,12,Olay_wrinkle,12,11,9.5,5,1,2,2.5,1,1,9,6,3,12.5,6.5,8,3.5,8,7.5,3.5,7.5,7.5,8,3,7,6,7.5,3,6.5,7.5,4.007936508,3.896825397,4.253968254,4.015873016,3.777777778,4.158730159,4.063492063,3.873015873,4.23015873,3.76984127,3.468253968,3.920634921
1,13,Olay_wrinkle,11.5,11.5,8.5,5,2,2,4.5,0.5,0.5,4.5,4.5,4.5,10.5,9,7.5,6.5,8.5,8.5,7.5,7.5,6.5,7,5.5,5.5,5,7,4.5,4.5,9,4.007936508,3.896825397,4.253968254,4.015873016,3.777777778,4.158730159,4.063492063,3.873015873,4.23015873,3.76984127,3.468253968,3.920634921
1,14,Olay_wrinkle,12,12,5.5,4.5,4.5,4.5,6.5,0,0,5,2.5,2,11,8,5,6,7.5,10,5,9,9,10,4,8.5,7,8,3,7.5,6.5,4.007936508,3.896825397,4.253968254,4.015873016,3.777777778,4.158730159,4.063492063,3.873015873,4.23015873,3.76984127,3.468253968,3.920634921
1,15,Olay_wrinkle,13,13,8,5,0.5,0.5,4.5,0,0,4.5,1.5,2.5,12,5.5,7.5,4,10,9.5,6,9.5,9.5,8.5,5.5,10,9,7.5,5.5,8.5,5,4.007936508,3.896825397,4.253968254,4.015873016,3.777777778,4.158730159,4.063492063,3.873015873,4.23015873,3.76984127,3.468253968,3.920634921
1,16,Olay_wrinkle,10.5,8.5,9,4,1,1.5,3,0.5,0.5,3,2.5,2,8.5,8.5,7,3,8,9,6,6.5,6.5,8,4.5,5,6,7,3,4,9,4.007936508,3.896825397,4.253968254,4.015873016,3.777777778,4.158730159,4.063492063,3.873015873,4.23015873,3.76984127,3.468253968,3.920634921
1,17,Olay_wrinkle,14,11,7.5,5.5,1,1,5,1,1,5,4,4,11.5,10,5,7.5,8.5,9.5,3,3,6.5,9.5,2.5,2.5,5.5,9,2,2,8.5,4.007936508,3.896825397,4.253968254,4.015873016,3.777777778,4.158730159,4.063492063,3.873015873,4.23015873,3.76984127,3.468253968,3.920634921
1,2,NTG,10,10.5,3.5,10.5,4,5.5,8.5,5.5,5.5,11.5,9,7,8,8.5,6.5,4,6.5,9,6,7,5.5,9.5,4.5,6.5,5,10,4,5.5,8.5,4.107438017,3.785123967,4.371900826,4.380165289,4.140495868,4.289256198,4.297520661,4.066115702,4.20661157,4.05785124,4.041322314,4.289256198
1,3,NTG,8,8,5,8.5,2.5,3,9.5,2,2,8,8,4,9,6.5,8.5,7,8,9.5,6,6.5,8,9.5,5,6,6.5,10,3.5,4,10,4.107438017,3.785123967,4.371900826,4.380165289,4.140495868,4.289256198,4.297520661,4.066115702,4.20661157,4.05785124,4.041322314,4.289256198
1,6,NTG,10.5,13,2.5,11,3,3.5,9,3.5,2.5,9,6.5,6,8,6,8,3,7.5,10,1,6,5,8,0.5,5.5,6,7.5,1,4.5,5,4.107438017,3.785123967,4.371900826,4.380165289,4.140495868,4.289256198,4.297520661,4.066115702,4.20661157,4.05785124,4.041322314,4.289256198
1,7,NTG,10,12,3,11,3,3.5,7,1.5,1.5,6.5,6.5,6,6.5,4.5,4.5,7.5,5.5,10,3.5,3.5,5,10.5,3.5,3.5,4.5,11.5,3,3,12,4.107438017,3.785123967,4.371900826,4.380165289,4.140495868,4.289256198,4.297520661,4.066115702,4.20661157,4.05785124,4.041322314,4.289256198
1,10,NTG,8,11,1,12,5,5,9,5,4.5,11.5,9,7.5,9.5,6,7,7,9,10,5,5,8,11,4,4,7,12.5,3,3,7,4.107438017,3.785123967,4.371900826,4.380165289,4.140495868,4.289256198,4.297520661,4.066115702,4.20661157,4.05785124,4.041322314,4.289256198
1,11,NTG,9,11,4,10.5,5,4,8,2,2,9.5,9.5,7,9,10.5,4.5,6,7.5,9,2,5,6,7.5,3,4,6,6,2,4,9.5,4.107438017,3.785123967,4.371900826,4.380165289,4.140495868,4.289256198,4.297520661,4.066115702,4.20661157,4.05785124,4.041322314,4.289256198
1,12,NTG,10.5,10.5,3.5,13,3,4,11,1,1,11.5,9,4.5,10,6,7,4,7,8,3,7,7,8.5,3,7,6.5,9,2.5,6.5,8,4.107438017,3.785123967,4.371900826,4.380165289,4.140495868,4.289256198,4.297520661,4.066115702,4.20661157,4.05785124,4.041322314,4.289256198
1,13,NTG,10.5,10.5,4,9.5,5,5,6.5,3,3,9,7,6,9,6.5,6.5,6,7,9,6,6.5,5,9.5,3.5,4,4,10,3,4,10,4.107438017,3.785123967,4.371900826,4.380165289,4.140495868,4.289256198,4.297520661,4.066115702,4.20661157,4.05785124,4.041322314,4.289256198
1,14,NTG,9,10,2,9,7.5,5,9,3,3,9,7,6,7.5,5.5,6,4,6,7.5,5,5.5,5,8.5,4,4,4,9,3,3,10,4.107438017,3.785123967,4.371900826,4.380165289,4.140495868,4.289256198,4.297520661,4.066115702,4.20661157,4.05785124,4.041322314,4.289256198
1,15,NTG,10,11,3,9,8,2,8.5,0.5,0.5,10,8,3.5,9.5,9,7.5,7.5,8.5,10,6.5,6,7.5,9.5,5.5,5.5,7,10,5.5,5.5,9.5,4.107438017,3.785123967,4.371900826,4.380165289,4.140495868,4.289256198,4.297520661,4.066115702,4.20661157,4.05785124,4.041322314,4.289256198
1,16,NTG,9,9,6.5,8,2.5,2.5,7.5,1,1,7.5,8,4,7,7,5.5,2.5,6,8,5.5,6.5,5,7,4,5,4,6.5,3,3.5,8.5,4.107438017,3.785123967,4.371900826,4.380165289,4.140495868,4.289256198,4.297520661,4.066115702,4.20661157,4.05785124,4.041322314,4.289256198
1,17,NTG,9,9,6,14,3,2.5,9,3.5,1.5,9,6,5,9,5.5,8.5,3,6,7.5,3,6,5.5,8,3,5,5,7.5,1,4.5,8,4.107438017,3.785123967,4.371900826,4.380165289,4.140495868,4.289256198,4.297520661,4.066115702,4.20661157,4.05785124,4.041322314,4.289256198
2,2,NTG,9.5,10,4,9.5,5.5,5.5,8.5,3.5,4.5,10.5,8.5,7.5,8.5,6.5,8.5,7,6.5,9,6,7,5.5,9,5,6,4.5,9,4,4.5,9,4.107438017,3.785123967,4.371900826,4.380165289,4.140495868,4.289256198,4.297520661,4.066115702,4.20661157,4.05785124,4.041322314,4.289256198
2,5,NTG,11,10.5,2.5,12.5,6,5.5,6,2,2,10,8,5,7,5,6,4,7,12,3.5,5,6,11.5,3,3,5,10.5,2.5,2.5,11,4.107438017,3.785123967,4.371900826,4.380165289,4.140495868,4.289256198,4.297520661,4.066115702,4.20661157,4.05785124,4.041322314,4.289256198
2,6,NTG,10,8,3,14,4,1,7.5,1,0.5,6,8,3.5,9,9,6,5,7.5,6,2.5,5,5,6.5,1.5,3,4,6,1,2,12,4.107438017,3.785123967,4.371900826,4.380165289,4.140495868,4.289256198,4.297520661,4.066115702,4.20661157,4.05785124,4.041322314,4.289256198
2,7,NTG,10.5,10,3,11,4.5,3.5,7.5,1,1,8.5,6.5,6.5,6.5,5.5,5,8,5,10,4,4,4,11,3.5,3.5,4,12,3,3,11,4.107438017,3.785123967,4.371900826,4.380165289,4.140495868,4.289256198,4.297520661,4.066115702,4.20661157,4.05785124,4.041322314,4.289256198
2,10,NTG,8,10,1,12.5,5,5,10,3,2.5,11,8,7.5,9.5,6,8,8.5,9,10,7.5,7.5,8,11,6,6,7,12,5,5,6.5,4.107438017,3.785123967,4.371900826,4.380165289,4.140495868,4.289256198,4.297520661,4.066115702,4.20661157,4.05785124,4.041322314,4.289256198
2,11,NTG,4.5,11,5,10.5,3,5.5,6,2.5,2.5,8,10,6,9,9,3.5,4.5,7.5,8,3,6.5,6.5,5,2,4,6,9,3,4.5,10.5,4.107438017,3.785123967,4.371900826,4.380165289,4.140495868,4.289256198,4.297520661,4.066115702,4.20661157,4.05785124,4.041322314,4.289256198
2,12,NTG,10,10,3,12,7.5,5,11,4,1,11,9.5,4,12,6.5,7.5,6,7.5,10.5,3.5,7,7,10,3,6.5,6,9.5,3,6,9.5,4.107438017,3.785123967,4.371900826,4.380165289,4.140495868,4.289256198,4.297520661,4.066115702,4.20661157,4.05785124,4.041322314,4.289256198
2,13,NTG,9.5,9.5,2.5,10,3.5,4.5,6.5,1.5,1.5,9,6.5,6,9,5.5,6.5,5.5,7.5,9,6,6.5,4,10,4,4,4,10,3,3.5,9.5,4.107438017,3.785123967,4.371900826,4.380165289,4.140495868,4.289256198,4.297520661,4.066115702,4.20661157,4.05785124,4.041322314,4.289256198
2,14,NTG,8,9,1.5,10,8.5,5.5,9,2,2,10.5,6,6.5,6.5,5,7.5,3.5,6,7,4,4,5,9.5,3,3,4,9,2.5,2.5,9,4.107438017,3.785123967,4.371900826,4.380165289,4.140495868,4.289256198,4.297520661,4.066115702,4.20661157,4.05785124,4.041322314,4.289256198
2,15,NTG,9.5,11.5,3,8.5,6,2.5,8.5,0.5,0.5,9,4,5.5,10,8,5,6,7.5,9,7,5.5,7,10,6,5,6.5,9,5.5,5,9.5,4.107438017,3.785123967,4.371900826,4.380165289,4.140495868,4.289256198,4.297520661,4.066115702,4.20661157,4.05785124,4.041322314,4.289256198
2,16,NTG,9,9.5,4.5,8,2,3,5.5,1,1,8.5,8,6.5,7.5,7,6,2.5,6.5,9,6,6.5,5.5,8,4.5,5.5,5.5,7.5,3,4,9,4.107438017,3.785123967,4.371900826,4.380165289,4.140495868,4.289256198,4.297520661,4.066115702,4.20661157,4.05785124,4.041322314,4.289256198
2,17,NTG,12,12,2,8,5,5,7.5,4,4,9,9,6.5,11,9,5,4.5,9,10,4,6,8,10,2.5,4.5,6.5,10,2,3,9,4.107438017,3.785123967,4.371900826,4.380165289,4.140495868,4.289256198,4.297520661,4.066115702,4.20661157,4.05785124,4.041322314,4.289256198
1,2,Loreal,12,11.5,8.5,3.5,2.5,4,4,2,2,4.5,5.5,3.5,11,11,4.5,8.5,9,8,8,7.5,7.5,6.5,7,6,6,7,6,5.5,8.5,4.379032258,4.177419355,4.411290323,4.169354839,4,4.241935484,4.306451613,3.919354839,4.225806452,3.959677419,3.991935484,4.177419355
1,3,Loreal,9.5,9,9,4,1,3,3,1,1,3,4,2.5,10.5,9,7,8.5,9,6.5,9,9.5,8.5,10,6,6.5,8,9.5,5,6.5,8,4.379032258,4.177419355,4.411290323,4.169354839,4,4.241935484,4.306451613,3.919354839,4.225806452,3.959677419,3.991935484,4.177419355
1,6,Loreal,10.5,8,13,4,1.5,6.5,7,0.5,0.5,2,2.5,1,11.5,6.5,8,3.5,7.5,7.5,5.5,6,5.5,8,3,4.5,5,8,3,3,10,4.379032258,4.177419355,4.411290323,4.169354839,4,4.241935484,4.306451613,3.919354839,4.225806452,3.959677419,3.991935484,4.177419355
1,7,Loreal,14,14,9,7.5,0.5,6.5,4,0,0,4,3,3,11,10,6,6,7,6.5,6,6,6.5,7.5,5.5,5.5,5,9,4.5,4.5,9.5,4.379032258,4.177419355,4.411290323,4.169354839,4,4.241935484,4.306451613,3.919354839,4.225806452,3.959677419,3.991935484,4.177419355
1,10,Loreal,12,10,12.5,4,1,5,5,1,0.5,1.5,1.5,1.5,12.5,5,9,8,9,7.5,8,7.5,8,9,6,6,7,10,5.5,5,6.5,4.379032258,4.177419355,4.411290323,4.169354839,4,4.241935484,4.306451613,3.919354839,4.225806452,3.959677419,3.991935484,4.177419355
1,11,Loreal,12,11.5,12,2.5,2.5,5,3.5,2,2,4.5,4,3,12,6,7.5,7,6.5,6,4,7.5,6,7,2,4.5,5.5,8.5,2,4.5,8,4.379032258,4.177419355,4.411290323,4.169354839,4,4.241935484,4.306451613,3.919354839,4.225806452,3.959677419,3.991935484,4.177419355
1,12,Loreal,12,8.5,11.5,3,1,7,8,1,1,3,5,1.5,12,9,7,6.5,7.5,6,6,7,6.5,7,3.5,6.5,6.5,6.5,3,6,8,4.379032258,4.177419355,4.411290323,4.169354839,4,4.241935484,4.306451613,3.919354839,4.225806452,3.959677419,3.991935484,4.177419355
1,13,Loreal,12,11.5,9,3.5,1.5,4.5,5,0,0,4.5,2,3,11.5,10,3.5,7.5,7,7,7,6,4.5,7.5,4.5,4.5,4,8.5,3,3,10.5,4.379032258,4.177419355,4.411290323,4.169354839,4,4.241935484,4.306451613,3.919354839,4.225806452,3.959677419,3.991935484,4.177419355
1,14,Loreal,13,13,8.5,3.5,3,3.5,6,0,0,3,1.5,1.5,12,10,5,7,8.5,8.5,7.5,8.5,6,7,5.5,6,5.5,7,3,4,9,4.379032258,4.177419355,4.411290323,4.169354839,4,4.241935484,4.306451613,3.919354839,4.225806452,3.959677419,3.991935484,4.177419355
1,15,Loreal,13.5,13.5,8,4.5,0.5,4.5,5.5,0.5,0.5,4.5,1,1.5,14,7,8,6,9,9,6.5,7,8.5,9.5,6.5,8,8,9.5,6,8.5,5.5,4.379032258,4.177419355,4.411290323,4.169354839,4,4.241935484,4.306451613,3.919354839,4.225806452,3.959677419,3.991935484,4.177419355
1,16,Loreal,11,8.5,13,2.5,0.5,0.5,1.5,0.5,0.5,2,1.5,2,8.5,9.5,7,3.5,7.5,8.5,6.5,6.5,6,7.5,4,4.5,4,7,3,3,9.5,4.379032258,4.177419355,4.411290323,4.169354839,4,4.241935484,4.306451613,3.919354839,4.225806452,3.959677419,3.991935484,4.177419355
1,17,Loreal,13,11,12,5,1.5,6,7,1,1,5,5,5,12.5,9.5,6.5,5,9,8.5,9.5,7.5,8,6.5,7.5,5.5,6.5,6,6,3.5,8,4.379032258,4.177419355,4.411290323,4.169354839,4,4.241935484,4.306451613,3.919354839,4.225806452,3.959677419,3.991935484,4.177419355
2,2,Loreal,12,11,11,4.5,2,2.5,8,1.5,1.5,5,5,4,11,10.5,4.5,8.5,9,8.5,8,7,7,6.5,7.5,6,6,6,6.5,5,8.5,4.379032258,4.177419355,4.411290323,4.169354839,4,4.241935484,4.306451613,3.919354839,4.225806452,3.959677419,3.991935484,4.177419355
2,3,Loreal,9.5,8.5,9,4,1,5,8,1.5,1.5,2,2.5,2.5,10,8.5,7,8,9,7,8.5,9.5,8,7,8,6.5,8,8.5,5.5,6.5,8,4.379032258,4.177419355,4.411290323,4.169354839,4,4.241935484,4.306451613,3.919354839,4.225806452,3.959677419,3.991935484,4.177419355
2,5,Loreal,13.5,13.5,8.5,4.5,0.5,5.5,6,0.5,0.5,4.5,1.5,2.5,13.5,8,7.5,6,9.5,8,8,9,9,8.5,7.5,8.5,8.5,9,7,8,4,4.379032258,4.177419355,4.411290323,4.169354839,4,4.241935484,4.306451613,3.919354839,4.225806452,3.959677419,3.991935484,4.177419355
2,6,Loreal,10,9,12,4,1,6,7,0.5,0.5,2.5,2,2,11,6,9,6,5.5,4,9,8.5,5,4,6,6,4,6.5,4.5,4.5,4,4.379032258,4.177419355,4.411290323,4.169354839,4,4.241935484,4.306451613,3.919354839,4.225806452,3.959677419,3.991935484,4.177419355
2,7,Loreal,14,14,7,7.5,0.5,6,5,0,0,3,2.5,2.5,10.5,9,7,7.5,8,5,8,8,7.5,6,7.5,7.5,6.5,6,7,7,6,4.379032258,4.177419355,4.411290323,4.169354839,4,4.241935484,4.306451613,3.919354839,4.225806452,3.959677419,3.991935484,4.177419355
2,10,Loreal,11,11,12,5,1,10,4,1,0.5,2,2,2,12,6,8,7.5,8,7.5,7.5,7.5,7,6,6,6,6,9,5,5,7.5,4.379032258,4.177419355,4.411290323,4.169354839,4,4.241935484,4.306451613,3.919354839,4.225806452,3.959677419,3.991935484,4.177419355
2,11,Loreal,9.5,8.5,12,4,1,6,7,0.5,0.5,2.5,1,2,13.5,6,7,5.5,9,8,8,9,7.5,4,6,6,8,7,6,3.5,8,4.379032258,4.177419355,4.411290323,4.169354839,4,4.241935484,4.306451613,3.919354839,4.225806452,3.959677419,3.991935484,4.177419355
2,12,Loreal,12,8,12.5,3,1,5.5,9,0.5,1,3.5,4.5,1,12.5,7.5,6,4.5,6.5,5.5,6.5,6.5,6,7,4.5,6,5.5,8.5,3.5,6,6,4.379032258,4.177419355,4.411290323,4.169354839,4,4.241935484,4.306451613,3.919354839,4.225806452,3.959677419,3.991935484,4.177419355
2,13,Loreal,12,11.5,9.5,3.5,2,6,5.5,0,0,4,3,3,11,10,4,7,8.5,7.5,8.5,7,5.5,6.5,5.5,5,4.5,6.5,4,4,9.5,4.379032258,4.177419355,4.411290323,4.169354839,4,4.241935484,4.306451613,3.919354839,4.225806452,3.959677419,3.991935484,4.177419355
2,15,Loreal,12.5,13,8.5,5,0.5,7,5,0.5,0.5,4.5,1,2,13.5,6,7,5.5,9,8,7,8,8.5,7.5,8,8,8,8,7,8,6,4.379032258,4.177419355,4.411290323,4.169354839,4,4.241935484,4.306451613,3.919354839,4.225806452,3.959677419,3.991935484,4.177419355
2,16,Loreal,10.5,9,11,3.5,1,5,3,0.5,0.5,2,2,2.5,10.5,9,8,5.5,9,7.5,8.5,6.5,7.5,8.5,7.5,5,4.5,7,6,3.5,9.5,4.379032258,4.177419355,4.411290323,4.169354839,4,4.241935484,4.306451613,3.919354839,4.225806452,3.959677419,3.991935484,4.177419355
2,17,Loreal,12,11,10,5,1.5,4.5,5,1,1,5,5,5,11,8.5,7,8,9.5,9,9,7,8.5,8,7,5,5.5,8,5,3.5,9,4.379032258,4.177419355,4.411290323,4.169354839,4,4.241935484,4.306451613,3.919354839,4.225806452,3.959677419,3.991935484,4.177419355
1,2,Lancome,12.5,10,10,5,2.5,2.5,8,1,1,6.5,4.5,3.5,12,10,5,9,8,7,8,7,7,6.5,7,6,5.5,6,6,5.5,8.5,4.25,4.233870968,4.35483871,4.193548387,3.927419355,4.169354839,4.306451613,4.056451613,4.201612903,4.048387097,3.927419355,4.217741935
1,3,Lancome,9,9,9,4,1.5,2,8,1,1,3,4,2.5,10.5,8.5,6,8,9,6.5,8.5,9,9,6.5,8.5,8.5,8.5,6.5,8.5,9,5,4.25,4.233870968,4.35483871,4.193548387,3.927419355,4.169354839,4.306451613,4.056451613,4.201612903,4.048387097,3.927419355,4.217741935
1,5,Lancome,12.5,11.5,12,5,3.5,6,3.5,1.5,1.5,5,2,2,13,12,4.5,8,6.5,9.5,6,5,6,10,3.5,3,5,9,3.5,2.5,10.5,4.25,4.233870968,4.35483871,4.193548387,3.927419355,4.169354839,4.306451613,4.056451613,4.201612903,4.048387097,3.927419355,4.217741935
1,6,Lancome,13,14,13,3,1,3,5,0.5,0.5,3,1,1,13.5,13,5,8,6,8.5,6,7.5,7.5,8,5,4,5,8.5,1.5,3,12,4.25,4.233870968,4.35483871,4.193548387,3.927419355,4.169354839,4.306451613,4.056451613,4.201612903,4.048387097,3.927419355,4.217741935
1,7,Lancome,14,14,8,7.5,0.5,6,3.5,0,0,3.5,3,3,10,9,7,6,7,5,9,9,6.5,5.5,8.5,8.5,6.5,6,7,7,6,4.25,4.233870968,4.35483871,4.193548387,3.927419355,4.169354839,4.306451613,4.056451613,4.201612903,4.048387097,3.927419355,4.217741935
1,10,Lancome,12,11,11,5,1,6,4,1,0.5,1,1,1,12,12,3,7.5,7.5,7.5,7.5,7.5,6,9,6,6,6,10,5.5,5,7.5,4.25,4.233870968,4.35483871,4.193548387,3.927419355,4.169354839,4.306451613,4.056451613,4.201612903,4.048387097,3.927419355,4.217741935
1,11,Lancome,12,10,10.5,4,3.5,6,4,1.5,1.5,5,4.5,2.5,11.5,9,6,6,7,6.5,5.5,6,6,6,5,5,6,5,4,5,11.5,4.25,4.233870968,4.35483871,4.193548387,3.927419355,4.169354839,4.306451613,4.056451613,4.201612903,4.048387097,3.927419355,4.217741935
1,12,Lancome,12,9,9.5,2.5,1,4.5,9,0.5,0.5,2,3,1,12,10,7.5,3,7,6.5,4.5,7,6,6,4,6.5,5.5,6,4.5,6,9.5,4.25,4.233870968,4.35483871,4.193548387,3.927419355,4.169354839,4.306451613,4.056451613,4.201612903,4.048387097,3.927419355,4.217741935
1,13,Lancome,11,10,9.5,4,2.5,4,5.5,0,0,4,4,3.5,12,11,3.5,8.5,6,5.5,4.5,4.5,4,6,3,3,3.5,6.5,3,3,11,4.25,4.233870968,4.35483871,4.193548387,3.927419355,4.169354839,4.306451613,4.056451613,4.201612903,4.048387097,3.927419355,4.217741935
1,14,Lancome,12,12,10,3,2,3,5,0,0,3,1.5,1.5,12,8.5,5,5.5,7.5,6,5,5.5,6,5.5,4.5,4.5,5,7,3,4,10,4.25,4.233870968,4.35483871,4.193548387,3.927419355,4.169354839,4.306451613,4.056451613,4.201612903,4.048387097,3.927419355,4.217741935
1,15,Lancome,12,12,10,3,1,3.5,5.5,0.5,0.5,5,0.5,1,12.5,10,6,6,8,8,7.5,6,7.5,8.5,7,5.5,7,9,6,5,9,4.25,4.233870968,4.35483871,4.193548387,3.927419355,4.169354839,4.306451613,4.056451613,4.201612903,4.048387097,3.927419355,4.217741935
1,16,Lancome,10,9,14.5,1.5,0.5,0.5,3,0.5,0.5,1,1,1,9,9,6.5,4.5,8,6,7.5,6.5,6,7,5,4.5,5,6.5,3,2.5,9.5,4.25,4.233870968,4.35483871,4.193548387,3.927419355,4.169354839,4.306451613,4.056451613,4.201612903,4.048387097,3.927419355,4.217741935
2,2,Lancome,12,10,9.5,4,2.5,2.5,8.5,2,2,4.5,4.5,4.5,11,6.5,8.5,8,6.5,6,8,6.5,5.5,8,6.5,5.5,5,8,4.5,4.5,9,4.25,4.233870968,4.35483871,4.193548387,3.927419355,4.169354839,4.306451613,4.056451613,4.201612903,4.048387097,3.927419355,4.217741935
2,5,Lancome,12.5,11.5,12,4.5,3.5,6,3.5,1.5,1.5,5.5,2,2.5,13,11.5,8.5,8,9,9,9,4,7.5,10,4,3,6.5,10,4,2.5,12,4.25,4.233870968,4.35483871,4.193548387,3.927419355,4.169354839,4.306451613,4.056451613,4.201612903,4.048387097,3.927419355,4.217741935
2,6,Lancome,9,7.5,11,4.5,1.5,4.5,6,0.5,0.5,5,3,2,10.5,10,5,4.5,6,5,5,5.5,5,6,1,5,5,5,1,1.5,9.5,4.25,4.233870968,4.35483871,4.193548387,3.927419355,4.169354839,4.306451613,4.056451613,4.201612903,4.048387097,3.927419355,4.217741935
2,7,Lancome,14,12,7,7.5,0,5.5,3,0,0,2.5,2.5,2.5,11,10,7,7,7.5,6,7.5,7.5,6.5,7,7,7,6,7.5,6.5,6.5,6,4.25,4.233870968,4.35483871,4.193548387,3.927419355,4.169354839,4.306451613,4.056451613,4.201612903,4.048387097,3.927419355,4.217741935
2,10,Lancome,12,7.5,12,5,1,5,2.5,1,0.5,1,1,1,12,6,8,8.5,9,7.5,7.5,7.5,8,9,6,6,7,10,5,5,7.5,4.25,4.233870968,4.35483871,4.193548387,3.927419355,4.169354839,4.306451613,4.056451613,4.201612903,4.048387097,3.927419355,4.217741935
2,11,Lancome,11,11.5,11,3.5,2,5.5,4,1.5,1.5,3,4,3,9.5,7.5,7,5.5,6.5,7.5,4.5,7,6.5,6.5,4.5,4.5,4.5,8.5,2,3,12,4.25,4.233870968,4.35483871,4.193548387,3.927419355,4.169354839,4.306451613,4.056451613,4.201612903,4.048387097,3.927419355,4.217741935
2,12,Lancome,12.5,8,11,3.5,1,6.5,8.5,1,1,3,5,1,13,7,7.5,6.5,7.5,6,8.5,7.5,6.5,5.5,6.5,7,4,7.5,4.5,5.5,9,4.25,4.233870968,4.35483871,4.193548387,3.927419355,4.169354839,4.306451613,4.056451613,4.201612903,4.048387097,3.927419355,4.217741935
2,13,Lancome,10.5,10.5,9,3,1.5,3.5,4.5,0,0,3,2.5,2.5,10.5,10,5,7,8,7,8.5,7,6.5,6.5,7,6,5,6.5,5,4.5,8.5,4.25,4.233870968,4.35483871,4.193548387,3.927419355,4.169354839,4.306451613,4.056451613,4.201612903,4.048387097,3.927419355,4.217741935
2,14,Lancome,12.5,13,8,4,2,2.5,6.5,0,0,4.5,1.5,2,11,9,5,6.5,6.5,6,6.5,6.5,6.5,6,5,6,6,6,4,6,9.5,4.25,4.233870968,4.35483871,4.193548387,3.927419355,4.169354839,4.306451613,4.056451613,4.201612903,4.048387097,3.927419355,4.217741935
2,15,Lancome,13,13,9,4,0.5,3.5,7,0.5,0.5,3.5,1,2.5,13.5,7,7.5,5.5,8.5,8,7.5,6,8,8.5,6.5,5.5,8,9,6,5,8.5,4.25,4.233870968,4.35483871,4.193548387,3.927419355,4.169354839,4.306451613,4.056451613,4.201612903,4.048387097,3.927419355,4.217741935
2,16,Lancome,11,9,13,2.5,0.5,1,3,0.5,0.5,1.5,1,2,8,8.5,5.5,4.5,6.5,6.5,5.5,6,5,7,3.5,4,4,6.5,3,3,10,4.25,4.233870968,4.35483871,4.193548387,3.927419355,4.169354839,4.306451613,4.056451613,4.201612903,4.048387097,3.927419355,4.217741935
2,17,Lancome,14,7.5,9.5,4.5,2,6,5,1,1,3,3,4,11,10,5,7.5,6,7.5,5,4,5,8,3.5,3,4,8,2.5,2.5,9,4.25,4.233870968,4.35483871,4.193548387,3.927419355,4.169354839,4.306451613,4.056451613,4.201612903,4.048387097,3.927419355,4.217741935
1,2,Dr_Cilabo,12.5,11.5,14.5,3,2,2,4,1.5,1.5,5,4,3.5,11.5,11.5,3.5,8.5,6.5,8.5,6,7,5.5,6.5,5,6,4.5,5.5,4,4.5,9,4,4.330578512,4.363636364,4.165289256,3.545454545,4.157024793,4.239669421,4.132231405,3.842975207,3.809917355,3.595041322,3.983471074
1,3,Dr_Cilabo,10,12,14.5,2.5,1,1,4.5,1,1,5,5,1.5,12,11,3,7,8,7.5,5,5,6.5,5,5,6.5,7,10,5.5,4.5,8.5,4,4.330578512,4.363636364,4.165289256,3.545454545,4.157024793,4.239669421,4.132231405,3.842975207,3.809917355,3.595041322,3.983471074
1,5,Dr_Cilabo,12,12,14.5,6,1,1,1.5,1,0.5,1.5,1.5,1.5,12.5,7,6,8,7.5,7.5,7.5,7.5,6,9,5,5,5,10,2,2,8.5,4,4.330578512,4.363636364,4.165289256,3.545454545,4.157024793,4.239669421,4.132231405,3.842975207,3.809917355,3.595041322,3.983471074
1,6,Dr_Cilabo,11,11,14,2,0.5,0.5,4,0.5,0.5,3,2,1,9,10,3,4,6,7.5,4.5,5,3.5,8,1.5,3,3,6,1.5,3,12,4,4.330578512,4.363636364,4.165289256,3.545454545,4.157024793,4.239669421,4.132231405,3.842975207,3.809917355,3.595041322,3.983471074
1,7,Dr_Cilabo,14,14,14.5,6,0,0.5,3,0,0,2.5,2,2,11.5,11,4,8,5.5,5.5,5,5,4,7,4,4,3,9,3,3,12,4,4.330578512,4.363636364,4.165289256,3.545454545,4.157024793,4.239669421,4.132231405,3.842975207,3.809917355,3.595041322,3.983471074
1,10,Dr_Cilabo,10,12,14.5,7.5,1,1,1.5,1,0.5,1.5,1.5,1.5,11,7,6,8.5,8,7.5,5,5,7,9,4,4,6,10,3,3,8.5,4,4.330578512,4.363636364,4.165289256,3.545454545,4.157024793,4.239669421,4.132231405,3.842975207,3.809917355,3.595041322,3.983471074
1,11,Dr_Cilabo,10,9,13.5,2.5,1,1,4.5,1,1,5,5,1.5,12,8,7,6,6.5,6,5.5,7,6.5,5,5,6.5,5.5,5.5,4,6,9,4,4.330578512,4.363636364,4.165289256,3.545454545,4.157024793,4.239669421,4.132231405,3.842975207,3.809917355,3.595041322,3.983471074
1,12,Dr_Cilabo,11,9,14,2.5,1,1,6,1,1,6,5.5,1,11.5,8,6.5,6,6.5,6.5,6,7,6,8,6,6.5,5.5,8,5,6,10,4,4.330578512,4.363636364,4.165289256,3.545454545,4.157024793,4.239669421,4.132231405,3.842975207,3.809917355,3.595041322,3.983471074
1,13,Dr_Cilabo,10.5,11,12,2.5,0.5,0.5,1.5,0,0,2.5,2.5,2,12,11,3,7,6.5,6,6.5,5.5,5,5.5,4.5,4,4,4.5,3.5,3.5,10,4,4.330578512,4.363636364,4.165289256,3.545454545,4.157024793,4.239669421,4.132231405,3.842975207,3.809917355,3.595041322,3.983471074
1,15,Dr_Cilabo,14,13.5,13.5,3,0.5,0.5,3,0.5,0.5,4,1,1.5,13.5,10.5,4.5,9,8.5,6.5,7,6,7.5,7.5,7.5,5.5,7,10,5.5,4.5,10.5,4,4.330578512,4.363636364,4.165289256,3.545454545,4.157024793,4.239669421,4.132231405,3.842975207,3.809917355,3.595041322,3.983471074
1,16,Dr_Cilabo,10.5,8.5,13.5,2,0.5,0.5,1,0.5,0.5,1.5,1,1.5,9.5,10,7,4.5,7.5,6.5,7,6.5,6,8,5.5,5,4.5,7.5,3.5,3,10,4,4.330578512,4.363636364,4.165289256,3.545454545,4.157024793,4.239669421,4.132231405,3.842975207,3.809917355,3.595041322,3.983471074
1,17,Dr_Cilabo,13,13,14,4,1,1,2,0.5,0.5,4.5,4.5,4.5,9.5,10,5,8,6.5,6,6,5,4.5,6.5,4,3,3,7.5,3,2,9.5,4,4.330578512,4.363636364,4.165289256,3.545454545,4.157024793,4.239669421,4.132231405,3.842975207,3.809917355,3.595041322,3.983471074
2,2,Dr_Cilabo,11.5,10.5,15,3.5,1.5,1.5,3.5,1,1,3.5,6,3,10.5,12,3,8.5,7,8,6.5,7,6,6,5.5,5.5,5.5,5.5,5,5,8.5,4,4.330578512,4.363636364,4.165289256,3.545454545,4.157024793,4.239669421,4.132231405,3.842975207,3.809917355,3.595041322,3.983471074
2,3,Dr_Cilabo,9,8.5,11.5,3.5,1,1,2,1,1,2,2.5,2,8.5,9,6.5,8,8,7,8,7,6.5,8,6.5,6.5,6,9,6,5.5,8.5,4,4.330578512,4.363636364,4.165289256,3.545454545,4.157024793,4.239669421,4.132231405,3.842975207,3.809917355,3.595041322,3.983471074
2,5,Dr_Cilabo,12,12,14.5,3.5,2.5,2.5,2.5,1,1,4.5,2.5,2,12.5,12.5,3,7.5,5.5,8,4,3,5,8.5,3.5,2,4.5,8.5,2.5,1.5,12.5,4,4.330578512,4.363636364,4.165289256,3.545454545,4.157024793,4.239669421,4.132231405,3.842975207,3.809917355,3.595041322,3.983471074
2,6,Dr_Cilabo,10.5,10.5,14,2.5,1.5,1,6,0.5,1,4,0.5,1,11.5,10,4,6,6,6,4.5,5.5,6,7.5,4,4,5,6,3,3,12,4,4.330578512,4.363636364,4.165289256,3.545454545,4.157024793,4.239669421,4.132231405,3.842975207,3.809917355,3.595041322,3.983471074
2,7,Dr_Cilabo,14,14,14.5,5.5,0,1,3,0,0,3,2,2,11.5,11,3.5,7.5,5,6,5,5,4,7.5,4.5,4.5,3.5,8.5,4,4,9.5,4,4.330578512,4.363636364,4.165289256,3.545454545,4.157024793,4.239669421,4.132231405,3.842975207,3.809917355,3.595041322,3.983471074
2,10,Dr_Cilabo,10,12,14.5,4,1,1,1,1,0.5,1,1,1,10,12,3,8,6,7.5,5,5,5,9,4,4,4,10,3,3,9.5,4,4.330578512,4.363636364,4.165289256,3.545454545,4.157024793,4.239669421,4.132231405,3.842975207,3.809917355,3.595041322,3.983471074
2,11,Dr_Cilabo,14,13.5,14.5,3,0.5,0.5,3,0.5,0.5,4,1,2,11.5,9.5,4.5,6,7.5,8,6,4.5,6.5,9.5,5.5,3.5,5.5,10,5,2.5,13,4,4.330578512,4.363636364,4.165289256,3.545454545,4.157024793,4.239669421,4.132231405,3.842975207,3.809917355,3.595041322,3.983471074
2,12,Dr_Cilabo,11,9,14,2.5,1,3,4.5,1,1,6,6,1,11.5,8.5,6.5,6,7,6,4,7,6,7.5,3.5,6.5,5.5,8,3.5,6,9.5,4,4.330578512,4.363636364,4.165289256,3.545454545,4.157024793,4.239669421,4.132231405,3.842975207,3.809917355,3.595041322,3.983471074
2,13,Dr_Cilabo,11.5,11,13,3,2,2.5,2.5,0,0,3,2,2,11,10.5,3,7,7,6.5,7,6.5,5,6.5,5,5,3.5,6,4,4,10,4,4.330578512,4.363636364,4.165289256,3.545454545,4.157024793,4.239669421,4.132231405,3.842975207,3.809917355,3.595041322,3.983471074
2,15,Dr_Cilabo,14,13.5,14.5,3,0.5,0.5,3,0.5,0.5,4,1,2,11.5,9.5,4.5,6,7.5,8,6,4.5,6.5,9.5,5.5,3.5,5.5,10,5,2.5,13,4,4.330578512,4.363636364,4.165289256,3.545454545,4.157024793,4.239669421,4.132231405,3.842975207,3.809917355,3.595041322,3.983471074
2,16,Dr_Cilabo,9.5,9.5,14,2.5,0.5,0.5,1.5,0.5,0.5,2,1,2,6,11.5,3.5,3.5,6,6.5,5.5,5.5,4.5,8,4,3.5,3.5,7.5,2.5,2.5,11,4,4.330578512,4.363636364,4.165289256,3.545454545,4.157024793,4.239669421,4.132231405,3.842975207,3.809917355,3.595041322,3.983471074
2,17,Dr_Cilabo,9,8.5,13,2.5,1,1,1.5,1,1,2,1.5,2,9,11,7.5,8,6.5,6.5,6,6,6,7,5,5,5,8.5,3.5,3.5,9.5,4,4.330578512,4.363636364,4.165289256,3.545454545,4.157024793,4.239669421,4.132231405,3.842975207,3.809917355,3.595041322,3.983471074
1,2,Rapid_Z_2,12,10.5,8,4,1,1,8,1,1,3,3,3,10.5,9,6,8,8,7,7.5,7,7,6.5,6.5,6,6,6,5.5,5,8.5,3.806451613,3.701612903,4.096774194,3.919354839,3.169354839,3.830645161,3.838709677,3.532258065,3.951612903,3.741935484,3.75,3.661290323
1,3,Rapid_Z_2,10.5,9.5,7.5,6,3.5,5,5,1,1,5,4,3,10,8,7.5,8,9,6.5,8.5,8.5,8,6.5,8,8,7,7,8,6,8,3.806451613,3.701612903,4.096774194,3.919354839,3.169354839,3.830645161,3.838709677,3.532258065,3.951612903,3.741935484,3.75,3.661290323
1,6,Rapid_Z_2,9,7.5,10.5,3.5,1,4,7.5,0.5,0.5,3.5,1.5,1,9,9,6,7.5,6,7.5,6,5.5,6,7,5,4,5,8,3,3,9,3.806451613,3.701612903,4.096774194,3.919354839,3.169354839,3.830645161,3.838709677,3.532258065,3.951612903,3.741935484,3.75,3.661290323
1,7,Rapid_Z_2,12,12,7.5,5.5,1,3.5,6,0,0,4,2,3.5,11,10,6,7.5,7,6.5,7,7,6.5,7.5,6.5,6.5,6.5,8.5,5.5,5.5,10,3.806451613,3.701612903,4.096774194,3.919354839,3.169354839,3.830645161,3.838709677,3.532258065,3.951612903,3.741935484,3.75,3.661290323
1,10,Rapid_Z_2,11,12,12,5,1,6,3,1,0.5,2,2,2,12,6,8,7.5,9,7.5,7.5,7.5,8,6.5,6.5,6,7,5.5,5.5,5,7.5,3.806451613,3.701612903,4.096774194,3.919354839,3.169354839,3.830645161,3.838709677,3.532258065,3.951612903,3.741935484,3.75,3.661290323
1,11,Rapid_Z_2,10,11,10,3.5,4,8.5,4,2,2,4,4.5,3.5,10.5,5,6,4,7,4.5,4.5,5,6,7,3,5,6,4.5,3,4,9,3.806451613,3.701612903,4.096774194,3.919354839,3.169354839,3.830645161,3.838709677,3.532258065,3.951612903,3.741935484,3.75,3.661290323
1,12,Rapid_Z_2,12,10,11,2.5,1,7,8,1,1,7,7,1,11,6.5,7,4.5,7,6.5,5.5,7,6.5,7.5,4,6.5,6,9.5,3,5.5,10,3.806451613,3.701612903,4.096774194,3.919354839,3.169354839,3.830645161,3.838709677,3.532258065,3.951612903,3.741935484,3.75,3.661290323
1,14,Rapid_Z_2,10.5,11,10,4.5,4,4,6,0.5,0.5,7.5,2.5,2.5,10,8.5,6,6,6,7,5,5,5.5,7.5,4.5,4,4,8,3.5,3,12,3.806451613,3.701612903,4.096774194,3.919354839,3.169354839,3.830645161,3.838709677,3.532258065,3.951612903,3.741935484,3.75,3.661290323
1,15,Rapid_Z_2,10.5,11,6,3.5,0.5,4,6.5,0,0,4,1.5,2,12,5,6.5,7.5,9,8,6,8,8.5,7.5,6.5,7.5,8,7.5,7,6.5,8,3.806451613,3.701612903,4.096774194,3.919354839,3.169354839,3.830645161,3.838709677,3.532258065,3.951612903,3.741935484,3.75,3.661290323
1,16,Rapid_Z_2,11.5,9,11,5,1.5,5.5,3.5,1.5,1.5,2.5,2.5,3.5,11,11,7,7.5,8,7,7.5,6.5,7,8,6.5,5.5,6.5,7.5,5.5,4.5,10,3.806451613,3.701612903,4.096774194,3.919354839,3.169354839,3.830645161,3.838709677,3.532258065,3.951612903,3.741935484,3.75,3.661290323
1,17,Rapid_Z_2,14,11.5,9,4.5,3,6.5,5.5,0,0,4,4.5,4,11.5,9,6,7.5,6,7,9,5.5,5,7.5,6.5,4.5,3.5,7.5,4,3.5,10,3.806451613,3.701612903,4.096774194,3.919354839,3.169354839,3.830645161,3.838709677,3.532258065,3.951612903,3.741935484,3.75,3.661290323
1,22,Rapid_Z_2,12,9.5,8,4,1,4,3.5,0,0,4.5,3,3,12,9.5,8.5,8,9.5,8,6.5,6.5,8,8.5,5,5,7.5,9,4,4,8.5,3.806451613,3.701612903,4.096774194,3.919354839,3.169354839,3.830645161,3.838709677,3.532258065,3.951612903,3.741935484,3.75,3.661290323
2,2,Rapid_Z_2,12,10.5,8,4,1,1.5,8,1,1,3,3,3,10.5,9,6,8,8,8,7.5,7.5,7,7,6.5,6.5,6,6,5.5,5.5,7.5,3.806451613,3.701612903,4.096774194,3.919354839,3.169354839,3.830645161,3.838709677,3.532258065,3.951612903,3.741935484,3.75,3.661290323
2,3,Rapid_Z_2,10.5,10,8,5.5,3.5,5,4,1,1,5,4,3,10,8,7.5,9,9.5,6.5,9,9,8,7,8,7.5,7.5,7,8,7,7.5,3.806451613,3.701612903,4.096774194,3.919354839,3.169354839,3.830645161,3.838709677,3.532258065,3.951612903,3.741935484,3.75,3.661290323
2,6,Rapid_Z_2,10,6,11,4,0.5,4,6,0.5,0.5,3,1.5,1,10,9,7.5,5,7.5,7.5,6,6,6,8,5,4.5,4.5,8,4,4,8,3.806451613,3.701612903,4.096774194,3.919354839,3.169354839,3.830645161,3.838709677,3.532258065,3.951612903,3.741935484,3.75,3.661290323
2,7,Rapid_Z_2,12,12,7.5,5.5,1,3.5,6,0,0,4,2,3.5,11,10,6,7,6.5,6,7,7,6,7.5,6,5.5,5.5,9,5,5,10,3.806451613,3.701612903,4.096774194,3.919354839,3.169354839,3.830645161,3.838709677,3.532258065,3.951612903,3.741935484,3.75,3.661290323
2,10,Rapid_Z_2,11,12,12,5,1,6,3,1,0.5,2,2,2,12,6,8,7.5,9,7.5,7.5,7.5,8,6.5,6.5,6,7,5.5,5.5,5,7.5,3.806451613,3.701612903,4.096774194,3.919354839,3.169354839,3.830645161,3.838709677,3.532258065,3.951612903,3.741935484,3.75,3.661290323
2,11,Rapid_Z_2,10.5,12.5,10.5,5,3.5,8,3,2,2,4,4.5,3.5,9,7.5,4.5,6,6,6,3,4.5,5,6,3,4.5,4.5,7.5,3,4.5,12,3.806451613,3.701612903,4.096774194,3.919354839,3.169354839,3.830645161,3.838709677,3.532258065,3.951612903,3.741935484,3.75,3.661290323
2,12,Rapid_Z_2,12,9.5,11,2.5,1.5,6.5,8.5,1,1,7,7,1,11,6.5,7,5,7,7,6,7,6.5,7.5,5,6.5,6,9.5,3,6,9.5,3.806451613,3.701612903,4.096774194,3.919354839,3.169354839,3.830645161,3.838709677,3.532258065,3.951612903,3.741935484,3.75,3.661290323
2,14,Rapid_Z_2,10,11.5,9,5,4.5,3.5,6,0.5,0.5,7,3,2.5,10.5,8,5.5,6,7,6.5,6,6,5.5,7.5,5,5,5,8,4,4,11,3.806451613,3.701612903,4.096774194,3.919354839,3.169354839,3.830645161,3.838709677,3.532258065,3.951612903,3.741935484,3.75,3.661290323
2,15,Rapid_Z_2,11,11,6,3.5,0.5,5,6.5,0,0,4.5,1.5,2,12,4.5,6.5,7,9.5,7.5,6.5,9,9,7,6,8.5,8.5,7,7,8,7.5,3.806451613,3.701612903,4.096774194,3.919354839,3.169354839,3.830645161,3.838709677,3.532258065,3.951612903,3.741935484,3.75,3.661290323
2,16,Rapid_Z_2,11,9,11,4.5,1.5,5.5,3,1.5,1.5,2.5,2.5,3,11,10.5,7,6.5,7.5,8,7.5,6.5,6.5,8.5,6.5,5,6,8,4.5,3.5,11.5,3.806451613,3.701612903,4.096774194,3.919354839,3.169354839,3.830645161,3.838709677,3.532258065,3.951612903,3.741935484,3.75,3.661290323
2,17,Rapid_Z_2,14,11.5,9,4.5,3,6,5.5,0,0,4,4.5,4,11,9,6,8,6,6.5,9,6,5,7.5,6.5,5,4.5,7.5,5,4.5,10,3.806451613,3.701612903,4.096774194,3.919354839,3.169354839,3.830645161,3.838709677,3.532258065,3.951612903,3.741935484,3.75,3.661290323
2,22,Rapid_Z_2,12,10,8,8,1,4,3.5,0,0,4.5,3,3,12.5,9.5,8.5,8,9.5,8,6.5,6.5,8,8.5,5.5,5,7.5,9,5,4,8.5,3.806451613,3.701612903,4.096774194,3.919354839,3.169354839,3.830645161,3.838709677,3.532258065,3.951612903,3.741935484,3.75,3.661290323
1,2,Rapid_Z_1,12,10.5,9,4.5,1,1,6.5,1,1,3,3,3,10,8.5,6.5,8,7.5,7,7,7,6.5,6.5,6,6,5.5,7.5,5,5,8.5,4.10483871,3.637096774,4.177419355,4.080645161,3.5,4.072580645,4.048387097,3.782258065,4.096774194,3.870967742,3.782258065,3.967741935
1,3,Rapid_Z_1,10.5,9,7.5,6,4,4,6,1,1,4,4.5,3.5,10,8,7.5,8.5,9.5,7,8,8.5,8.5,6.5,8.5,8.5,9,6,8.5,8.5,6.5,4.10483871,3.637096774,4.177419355,4.080645161,3.5,4.072580645,4.048387097,3.782258065,4.096774194,3.870967742,3.782258065,3.967741935
1,6,Rapid_Z_1,10,7.5,11,4,0.5,2.5,6,0.5,0.5,3,1,1,10.5,9,6,7.5,6,7.5,6,6,5.5,7.5,5,4,4,7.5,3,3,9,4.10483871,3.637096774,4.177419355,4.080645161,3.5,4.072580645,4.048387097,3.782258065,4.096774194,3.870967742,3.782258065,3.967741935
1,7,Rapid_Z_1,12.5,12.5,7.5,5.5,1,3,6,0,0,4,2,3,11,10,8,7.5,8,5.5,10,10,7.5,6,9,9,7,6.5,8.5,8.5,6,4.10483871,3.637096774,4.177419355,4.080645161,3.5,4.072580645,4.048387097,3.782258065,4.096774194,3.870967742,3.782258065,3.967741935
1,10,Rapid_Z_1,11,12,12,5,1,5,2,1,0.5,2,2,2,12,6,8,7.5,10,8,7.5,7.5,9,6.5,6.5,6,8,6,5.5,5,7.5,4.10483871,3.637096774,4.177419355,4.080645161,3.5,4.072580645,4.048387097,3.782258065,4.096774194,3.870967742,3.782258065,3.967741935
1,11,Rapid_Z_1,10,12,11,4,3.5,6,3,2,1.5,5,4.5,3,10.5,6,7,7,6,7.5,6,6,6,6,4.5,6,5,6,3,4.5,9,4.10483871,3.637096774,4.177419355,4.080645161,3.5,4.072580645,4.048387097,3.782258065,4.096774194,3.870967742,3.782258065,3.967741935
1,12,Rapid_Z_1,12,9.5,10,3.5,1,5.5,8,1,1,6.5,7,1,12,6.5,8,6.5,8,7,6,7.5,7.5,7.5,5,7,6.5,9,3.5,6,9,4.10483871,3.637096774,4.177419355,4.080645161,3.5,4.072580645,4.048387097,3.782258065,4.096774194,3.870967742,3.782258065,3.967741935
1,14,Rapid_Z_1,10.5,12,11,4,4.5,4,6,0.5,0.5,7,3,3,10,7,5,6,6.5,6.5,5,5.5,6,7,7,5,5.5,7,4.5,4.5,10.5,4.10483871,3.637096774,4.177419355,4.080645161,3.5,4.072580645,4.048387097,3.782258065,4.096774194,3.870967742,3.782258065,3.967741935
1,15,Rapid_Z_1,12,12,6.5,4,0.5,3.5,6,0,0,3.5,1.5,1.5,12,5.5,7.5,8,9.5,7.5,6.5,9.5,9,7.5,7,8.5,9,8,7,8,5,4.10483871,3.637096774,4.177419355,4.080645161,3.5,4.072580645,4.048387097,3.782258065,4.096774194,3.870967742,3.782258065,3.967741935
1,16,Rapid_Z_1,11,9,12,4.5,1.5,2.5,2.5,1.5,1.5,2.5,2.5,3,11.5,11.5,7.5,7.5,8,8,7.5,6.5,6.5,9,7,5.5,5.5,8.5,4.5,3.5,11,4.10483871,3.637096774,4.177419355,4.080645161,3.5,4.072580645,4.048387097,3.782258065,4.096774194,3.870967742,3.782258065,3.967741935
1,17,Rapid_Z_1,14,11,8.5,5,3,5,5,0,0,4,4,4,11,7.5,7.5,7.5,7.5,7.5,8.5,7.5,6,8,6.5,5.5,4.5,8,5.5,4.5,9,4.10483871,3.637096774,4.177419355,4.080645161,3.5,4.072580645,4.048387097,3.782258065,4.096774194,3.870967742,3.782258065,3.967741935
1,22,Rapid_Z_1,12,9,9,4.5,0.5,4,3,0,0,4,1.5,2,12,9.5,8,8,9,9,6.5,6,8,9.5,6.5,4.5,7.5,10,4,3.5,9,4.10483871,3.637096774,4.177419355,4.080645161,3.5,4.072580645,4.048387097,3.782258065,4.096774194,3.870967742,3.782258065,3.967741935
2,2,Rapid_Z_1,12.5,11,9,4.5,1,1,6.5,1,1,3.5,3.5,3,10,8.5,6.5,8,7.5,8,7,7,6.5,6.5,6,6,5.5,7.5,5,5,8.5,4.10483871,3.637096774,4.177419355,4.080645161,3.5,4.072580645,4.048387097,3.782258065,4.096774194,3.870967742,3.782258065,3.967741935
2,3,Rapid_Z_1,10,9,7.5,6,3.5,4,5.5,1.5,1,4.5,4,3.5,10.5,8,7.5,8.5,9,7,8.5,9,8.5,6,8.5,8.5,8,6,8.5,8,6.5,4.10483871,3.637096774,4.177419355,4.080645161,3.5,4.072580645,4.048387097,3.782258065,4.096774194,3.870967742,3.782258065,3.967741935
2,6,Rapid_Z_1,9,7.5,11,4,1,2.5,6,0.5,0.5,3,2,2,10.5,9,6,7.5,6,7.5,6,6,5,8,3.5,3.5,4,9,2,1.5,9,4.10483871,3.637096774,4.177419355,4.080645161,3.5,4.072580645,4.048387097,3.782258065,4.096774194,3.870967742,3.782258065,3.967741935
2,7,Rapid_Z_1,12.5,12.5,7.5,5.5,1,3,6,0,0,4,2,3,11,10,7.5,7.5,7.5,5.5,9.5,9.5,7,6,8.5,8,6.5,7,7,7,7,4.10483871,3.637096774,4.177419355,4.080645161,3.5,4.072580645,4.048387097,3.782258065,4.096774194,3.870967742,3.782258065,3.967741935
2,10,Rapid_Z_1,11,12,12,5,1,5,2,1,0.5,2,2,2,12,6,8,7.5,10,8,7.5,7.5,9,7,6.5,6,8,6,5.5,5,7.5,4.10483871,3.637096774,4.177419355,4.080645161,3.5,4.072580645,4.048387097,3.782258065,4.096774194,3.870967742,3.782258065,3.967741935
2,11,Rapid_Z_1,10.5,12,11,4.5,3.5,6,3.5,2,2,4.5,4,3,9,6,6,4.5,6.5,4.5,3,5.5,5,6,3,4.5,5,6,3,4.5,11.5,4.10483871,3.637096774,4.177419355,4.080645161,3.5,4.072580645,4.048387097,3.782258065,4.096774194,3.870967742,3.782258065,3.967741935
2,12,Rapid_Z_1,11.5,10,10,3.5,1,6,8,1,1,7,7,1.5,11.5,6.5,8,5.5,8,6.5,6.5,7.5,7,7.5,5.5,6.5,6.5,8,4,6,8.5,4.10483871,3.637096774,4.177419355,4.080645161,3.5,4.072580645,4.048387097,3.782258065,4.096774194,3.870967742,3.782258065,3.967741935
2,14,Rapid_Z_1,10,12,10,5,4.5,4,6,0.5,0.5,7,3,2.5,9.5,8,5,6,6,6.5,5.5,5.5,4.5,6.5,4,4,5.5,8,3.5,3,11,4.10483871,3.637096774,4.177419355,4.080645161,3.5,4.072580645,4.048387097,3.782258065,4.096774194,3.870967742,3.782258065,3.967741935
2,15,Rapid_Z_1,12,12,6.5,4,0.5,3,6,0,0,4,1.5,1.5,12.5,5.5,7,5,9.5,7.5,6.5,9,9,7.5,7,8.5,8.5,8,7,8.5,5,4.10483871,3.637096774,4.177419355,4.080645161,3.5,4.072580645,4.048387097,3.782258065,4.096774194,3.870967742,3.782258065,3.967741935
2,16,Rapid_Z_1,11,9,12,4.5,1.5,2.5,2,2,2,2.5,2.5,3.5,11.5,11,8,7,8,8,8,6.5,7,9,7,5,6,8.5,5.5,4,10,4.10483871,3.637096774,4.177419355,4.080645161,3.5,4.072580645,4.048387097,3.782258065,4.096774194,3.870967742,3.782258065,3.967741935
2,17,Rapid_Z_1,14,11.5,8.5,5,3.5,5,5.5,0,0,4,4,4,11,8,6.5,7.5,7,8,9,6.5,5,8,6.5,5,4.5,8,5,4.5,9.5,4.10483871,3.637096774,4.177419355,4.080645161,3.5,4.072580645,4.048387097,3.782258065,4.096774194,3.870967742,3.782258065,3.967741935
2,22,Rapid_Z_1,12,9,9,4.5,1,4,3,0,0,4.5,3,3,12,9,8,8,9,9,6.5,6,8,9.5,4.5,5,7.5,10,4,3.5,9,4.10483871,3.637096774,4.177419355,4.080645161,3.5,4.072580645,4.048387097,3.782258065,4.096774194,3.870967742,3.782258065,3.967741935
